patient_id,site,PTV_High_cropped,PTV_High_resuelto,PTV_High_volumen_cm3,PTV_Low_cropped,PTV_Low_resuelto,PTV_Low_volumen_cm3,PTV_Mid_cropped,PTV_Mid_motivo,PTV_Mid_resuelto,PTV_Mid_volumen_cm3,body_extent_x_mm,body_extent_y_mm,body_extent_z_mm,dose_grid_scaling,rd_nx,rd_ny,rd_nz,spacing_col_mm,spacing_row_mm,spacing_z_mm,z_spacing_uniform
PT_016b58467d741df0,CyC,False,PTV_High,184.1,True,PTV_Low-04,230.4,True,,PTV_Mid-04,230.6,548.5,312.5,432.0,7.01002e-05,221,126,145,2.5,2.5,3.0,True
PT_01e46189c01b5461,CyC,True,PTV_High-04,145.5,True,PTV_Low-04,954.1,True,,PTV_Mid-04,437.7,501.6,258.4,404.0,6.996e-05,202,105,203,2.5,2.5,2.0,True
PT_0325846a2bdff29e,CyC,True,PTV_High-04,167.7,True,PTV_Low-04,318.7,,ausente,,,535.9,288.8,417.0,6.996e-05,216,117,140,2.5,2.5,3.0,True
PT_07977d161b5752d3,CyC,True,PTV_High-04,86.2,True,PTV_Low-04,194.6,True,,PTV_Mid-04,236.6,496.6,279.0,405.0,7.0666667e-05,201,113,137,2.5,2.5,3.0,True
PT_08e23207117edc0e,CyC,False,PTV_High,93.0,True,PTV_Low-04,302.8,True,,PTV_Mid-04,201.3,500.0,281.9,402.0,6.996e-05,202,114,135,2.5,2.5,3.0,True
PT_0a2f34e2e0379df0,CyC,False,PTV_High,93.3,True,PTV_Low-04,225.8,,ausente,,,523.0,268.4,381.0,7.0311558e-05,211,109,128,2.5,2.5,3.0,True
PT_0a7a953ed4b35e0a,CyC,True,PTV_High-04,84.9,True,PTV_Low-04,298.8,True,,PTV_Mid-04,329.6,522.3,282.2,420.0,6.996e-05,210,114,141,2.5,2.5,3.0,True
PT_0bcfd3f181624ac8,CyC,True,PTV_High-04,127.0,True,PTV_Low-04,278.4,True,,PTV_Mid-04,305.3,465.2,288.4,414.0,6.996e-05,188,117,140,2.5,2.5,3.0,True
PT_0d16b8bf5710f29e,CyC,True,PTV_High-04,96.2,True,PTV_Low-04,176.3,True,,PTV_Mid-04,195.4,568.2,257.6,396.0,6.996e-05,229,105,133,2.5,2.5,3.0,True
PT_0e31af2ee9f039e5,CyC,True,PTV_High-04,166.1,True,PTV_Low-04,48.6,True,,PTV_Mid-04,435.8,493.2,288.9,414.0,7.0311558e-05,199,117,140,2.5,2.5,3.0,True
PT_0fce75b0fffb9fb6,CyC,True,PTV_High-04,153.3,True,PTV_Low-04,154.5,True,,PTV_Mid-04,725.0,594.5,317.4,432.0,7.01002e-05,239,128,146,2.5,2.5,3.0,True
PT_135de04a4827c809,CyC,True,PTV_High-04,140.7,True,PTV_Low-04,54.4,True,,PTV_Mid-04,328.8,565.1,244.2,399.0,6.961194e-05,228,99,134,2.5,2.5,3.0,True
PT_14a5dec40b30047b,CyC,True,PTV_High-04,124.6,True,PTV_Low-04,105.6,True,,PTV_Mid-04,188.4,503.3,253.2,390.0,6.996e-05,203,103,131,2.5,2.5,3.0,True
PT_14b63f3f19bafbce,CyC,False,PTV_High,145.3,False,PTV_Low,302.3,,"solo_volumen_cero:PTV_Mid,PTV_Mid-04",,,484.1,273.2,453.0,7.1025381e-05,195,111,153,2.5,2.5,3.0,True
PT_161324706b4ff3db,CyC,True,PTV_High-04,202.7,True,PTV_Low-04,246.0,True,,PTV_Mid-04,272.4,493.2,385.9,393.0,7.0311558e-05,199,156,133,2.5,2.5,3.0,True
PT_187e3fddec933655,CyC,True,PTV_High-04,115.4,True,PTV_Low-04,191.3,True,,PTV_Mid-04,235.9,444.8,340.9,384.0,6.996e-05,179,138,129,2.5,2.5,3.0,True
PT_1a7859ebcff2d4b0,CyC,True,PTV_High-04,107.2,True,PTV_Low-04,225.3,True,,PTV_Mid-04,301.8,475.3,263.9,432.0,6.996e-05,176,107,145,2.5,2.5,3.0,True
PT_1b461e4fa0109c7b,CyC,True,PTV_High-04,249.2,True,PTV_Low-04,139.4,,ausente,,,515.2,272.8,447.0,6.996e-05,208,111,150,2.5,2.5,3.0,True
PT_1c53a9b84029afec,CyC,True,PTV_High-04,149.3,True,PTV_Low-04,99.3,True,,PTV_Mid-04,554.6,455.1,283.2,405.0,6.996e-05,183,115,137,2.5,2.5,3.0,True
PT_1f99cbd2a709b242,CyC,False,PTV_High,107.9,True,PTV_Low-04,278.8,True,,PTV_Mid-04,263.1,479.8,314.0,396.0,6.996e-05,193,127,134,2.5,2.5,3.0,True
PT_20011a605a19589c,CyC,True,PTV_High-04,268.1,True,PTV_Low-04,87.3,True,,PTV_Mid-04,434.8,466.1,281.5,480.0,7.0240964e-05,188,114,162,2.5,2.5,3.0,True
PT_2080b9ea2b4efb90,CyC,True,PTV_High-04,103.3,True,PTV_Low-04,176.8,True,,PTV_Mid-04,139.1,446.9,256.8,432.0,6.996e-05,180,104,146,2.5,2.5,3.0,True
PT_21cb7f818391b0c4,CyC,True,PTV_High-04,153.3,True,PTV_Low-04,536.4,,"solo_volumen_cero:PTV_Mid-04,PTV_Mid",,,488.2,267.3,420.0,6.996e-05,197,108,142,2.5,2.5,3.0,True
PT_225a3f943d7bf359,CyC,False,PTV_High,65.3,True,PTV_Low-04,155.7,True,,PTV_Mid-04,140.2,477.5,261.5,390.0,6.996e-05,192,106,131,2.5,2.5,3.0,True
PT_2284a0c8516d8a48,CyC,True,PTV_High-04,149.9,True,PTV_Low-04,93.2,True,,PTV_Mid-04,551.5,515.5,253.8,411.0,7.0311558e-05,208,103,139,2.5,2.5,3.0,True
PT_23e138b761311230,CyC,True,PTV_High-04,96.2,True,PTV_Low-04,241.0,True,,PTV_Mid-04,265.9,494.2,273.1,393.0,6.996e-05,199,111,133,2.5,2.5,3.0,True
PT_254893b1f22b34cf,CyC,True,PTV_High-04,254.2,True,PTV_Low-04,43.0,True,,PTV_Mid-04,448.4,494.7,266.2,408.0,6.996e-05,199,108,137,2.5,2.5,3.0,True
PT_259b5a8f69cba9bc,CyC,True,PTV_High-04,13.7,True,PTV_Low-04,243.7,True,,PTV_Mid-04,35.0,502.9,271.0,372.0,6.996e-05,203,110,126,2.5,2.5,3.0,True
PT_264edf724db63d4a,CyC,True,PTV_High-04,131.8,True,PTV_Low-04,186.0,True,,PTV_Mid-04,148.3,510.3,277.4,423.0,6.996e-05,206,112,142,2.5,2.5,3.0,True
PT_2701028e79b3426c,CyC,True,PTV_High-04,111.9,True,PTV_Low-04,177.5,True,,PTV_Mid-04,336.9,561.5,297.4,444.0,7.0851381e-05,226,120,223,2.5,2.5,2.0,True
PT_271fb2489b4a962c,CyC,False,PTV_High,136.9,True,PTV_Low-04,175.3,True,,PTV_Mid-04,274.1,437.8,262.7,366.0,6.996e-05,177,107,123,2.5,2.5,3.0,True
PT_29bd4a28bda31408,CyC,True,PTV_High-04,62.6,True,PTV_Low-04,122.6,True,,PTV_Mid-04,246.5,571.5,230.8,426.0,6.996e-05,230,94,144,2.5,2.5,3.0,True
PT_29f05c0351fa8932,CyC,True,PTV_High-04,184.4,True,PTV_Low-04,320.6,True,,PTV_Mid-04,275.7,507.6,276.4,375.0,6.996e-05,218,126,135,2.5,2.5,3.0,True
PT_2b01e38da255dfec,CyC,True,PTV_High-04,143.4,True,PTV_Low-04,231.5,True,,PTV_Mid-04,272.5,530.9,278.4,396.0,6.996e-05,214,113,133,2.5,2.5,3.0,True
PT_2e39177e3303f7f3,CyC,True,PTV_High-04,130.4,True,PTV_Low-04,91.8,True,,PTV_Mid-04,380.2,500.0,274.2,417.0,6.9689539e-05,201,111,140,2.5,2.5,3.000007,True
PT_2edb019730b03faf,CyC,True,PTV_High-04,172.4,True,PTV_Low-04,157.2,True,,PTV_Mid-04,430.0,463.4,280.7,423.0,6.996e-05,187,114,142,2.5,2.5,3.0,True
PT_2f4e2defac9c335e,CyC,True,PTV_High-04,115.2,True,PTV_Low-04,117.9,True,,PTV_Mid-04,581.4,567.0,299.3,498.0,6.996e-05,228,121,168,2.5,2.5,3.0,True
PT_2fcb1413b8306b75,CyC,True,PTV_High-04,251.0,True,PTV_Low-04,258.2,True,,PTV_Mid-04,195.4,508.1,311.9,402.0,6.996e-05,205,126,135,2.5,2.5,3.0,True
PT_3206ecc00531646d,CyC,False,PTV_High,246.3,True,PTV_Low-04,739.9,True,,PTV_Mid-04,351.9,589.8,307.4,412.0,6.996e-05,238,125,214,2.5,2.5,2.0,True
PT_33089d7aa166e9d3,CyC,False,PTV_High,76.9,True,PTV_Low-04,183.3,True,,PTV_Mid-04,163.7,429.0,239.4,363.0,7.0666667e-05,173,97,122,2.5,2.5,3.0,True
PT_33fa46cf8ee0fe3a,CyC,True,PTV_High-04,148.5,True,PTV_Low-04,252.6,True,,PTV_Mid-04,198.3,562.0,264.8,399.0,6.996e-05,226,107,135,2.5,2.5,3.0,True
PT_3479ad254fa0998a,CyC,True,PTV_High-04,129.0,True,PTV_Low-04,185.0,True,,PTV_Mid-04,196.6,559.7,264.3,411.0,6.996e-05,194,107,138,2.5,2.5,3.0,True
PT_348d801fd34b2a81,CyC,True,PTV_High-04,225.3,True,PTV_Low-04,176.0,True,,PTV_Mid-04,302.7,458.8,267.7,396.0,6.996e-05,185,109,134,2.5,2.5,3.0,True
PT_3560368155841ffd,CyC,True,PTV_High-04,282.0,True,PTV_Low-04,150.5,True,,PTV_Mid-04,432.8,573.3,281.5,426.0,6.876099e-05,231,114,144,2.5,2.5,3.0,True
PT_3620d8c14c5bfcf5,CyC,True,PTV_High-04,101.5,True,PTV_Low-04,104.3,True,,PTV_Mid-04,249.9,555.6,282.2,405.0,7.0846637e-05,224,114,136,2.5,2.5,3.0,True
PT_367c1ec74ded54ce,CyC,True,PTV_High-04,159.3,True,PTV_Low-04,316.4,True,,PTV_Mid-04,401.2,561.5,288.2,465.0,6.996e-05,226,117,156,2.5,2.5,3.0,True
PT_3681d7c65f361c5c,CyC,True,PTV_High-04,335.7,True,PTV_Low-04,118.5,True,,PTV_Mid-04,253.7,484.9,289.5,414.0,7.003003e-05,227,124,139,2.5,2.5,3.0,True
PT_3937e79d03fe5acd,CyC,True,PTV_High-04,297.6,True,PTV_Low-04,87.3,True,,PTV_Mid-04,437.9,568.9,267.5,426.0,7.01002e-05,229,108,144,2.5,2.5,3.0,True
PT_39de1d1381d83a22,CyC,False,PTV_High,120.8,True,PTV_Low-04,77.2,True,,PTV_Mid-04,221.8,567.2,314.5,462.0,6.996e-05,228,127,155,2.5,2.5,3.0,True
PT_3b8d72169b14e1ab,CyC,True,PTV_High-04,52.9,True,PTV_Low-04,161.5,True,,PTV_Mid-04,265.6,339.9,259.6,369.0,6.996e-05,137,105,125,2.5,2.5,3.0,True
PT_3c397c6ce8c56f61,CyC,True,PTV_High-04,352.1,True,PTV_Low-04,342.5,True,,PTV_Mid-04,294.1,499.8,298.8,441.0,6.996e-05,201,121,148,2.5,2.5,3.0,True
PT_3cd0085f0136b0c6,CyC,True,PTV_High-04,115.6,True,PTV_Low-04,178.6,True,,PTV_Mid-04,258.1,496.5,292.3,453.0,6.996e-05,200,118,153,2.5,2.5,3.0,True
PT_3f20b750f6bc403f,CyC,True,PTV_High-04,170.9,True,PTV_Low-04,1239.5,True,,PTV_Mid-04,807.7,579.5,274.6,410.0,6.996e-05,233,111,207,2.5,2.5,2.0,True
PT_40b0f1826c4014c8,CyC,True,PTV_High-04,120.9,True,PTV_Low-04,242.4,True,,PTV_Mid-04,310.7,531.5,270.7,402.0,6.996e-05,215,111,135,2.5,2.5,3.0,True
PT_40dd2a2b6551f30f,CyC,True,PTV_High-04,213.8,True,PTV_Low-04,235.5,True,,PTV_Mid-04,235.1,497.2,278.1,435.0,7.011036e-05,200,113,146,2.5,2.5,3.0,True
PT_40ffbce41ee8a2a1,CyC,True,PTV_High-04,204.0,True,PTV_Low-04,526.3,,"solo_volumen_cero:PTV_Mid,PTV_Mid-04",,,500.0,318.2,405.0,7.0781898e-05,201,129,137,2.5,2.5,3.0,True
PT_42d9f4ac97a39cdf,CyC,True,PTV_High-04,137.2,True,PTV_Low-04,224.3,True,,PTV_Mid-04,242.3,476.3,268.8,408.0,7.0311558e-05,192,109,138,2.5,2.5,3.0,True
PT_42eaebd4caead946,CyC,True,PTV_High-04,237.2,True,PTV_Low-04,248.6,True,,PTV_Mid-04,185.1,566.5,266.8,426.0,6.996e-05,228,108,143,2.5,2.5,3.0,True
PT_43b77828f31f4250,CyC,True,PTV_High-04,101.8,True,PTV_Low-04,322.8,True,,PTV_Mid-04,318.8,560.1,288.2,438.0,6.996e-05,226,117,147,2.5,2.5,3.0,True
PT_46838f017c35fb28,CyC,True,PTV_High-04,60.6,True,PTV_Low-04,93.0,True,,PTV_Mid-04,225.0,492.3,290.0,498.0,6.996e-05,198,117,168,2.5,2.5,3.0,True
PT_46e345b551a2fbc1,CyC,True,PTV_High-04,139.8,True,PTV_Low-04,283.1,,"solo_volumen_cero:PTV_Mid,PTV_Mid-04",,,499.0,299.9,426.0,6.996e-05,201,121,143,2.5,2.5,3.0,True
PT_48187c31f7ae89ea,CyC,True,PTV_High-04,87.0,True,PTV_Low-04,303.8,True,,PTV_Mid-04,247.9,499.1,266.3,453.0,6.996e-05,201,108,152,2.5,2.5,3.0,True
PT_48a34080d9d3a218,CyC,True,PTV_High-04,190.7,True,PTV_Low-04,271.8,True,,PTV_Mid-04,247.8,525.3,273.4,453.0,6.996e-05,212,111,152,2.5,2.5,3.0,True
PT_49e1f1a767d1e0b2,CyC,True,PTV_High-04,104.8,True,PTV_Low-04,86.8,True,,PTV_Mid-04,338.1,565.2,288.4,471.0,6.996e-05,228,117,158,2.5,2.5,3.0,True
PT_4a4554ebfaa31a26,CyC,True,PTV_High-04,216.5,True,PTV_Low-04,168.2,True,,PTV_Mid-04,363.1,493.1,281.7,378.0,7.01002e-05,199,114,127,2.5,2.5,3.0,True
PT_4b65134c3b68cc58,CyC,True,PTV_High-04,179.7,True,PTV_Low-04,215.3,True,,PTV_Mid-04,160.1,457.9,279.8,426.0,6.996e-05,193,113,143,2.5,2.5,3.0,True
PT_4cc0f15c261d3d91,CyC,True,PTV_High-04,98.7,True,PTV_Low-04,178.6,True,,PTV_Mid-04,167.7,424.1,242.4,342.0,7.0311558e-05,171,98,115,2.5,2.5,3.0,True
PT_4d38b7464af27a3f,CyC,True,PTV_High-04,156.5,True,PTV_Low-04,126.9,True,,PTV_Mid-04,258.5,453.4,259.4,360.0,6.996e-05,183,105,122,2.5,2.5,3.0,True
PT_514bde984025ac6d,CyC,True,PTV_High-04,122.2,True,PTV_Low-04,216.4,True,,PTV_Mid-04,536.2,535.5,302.4,447.0,6.961194e-05,216,122,150,2.5,2.5,3.0,True
PT_539cd394f6450180,CyC,True,PTV_High-04,203.9,True,PTV_Low-04,258.9,True,,PTV_Mid-04,223.9,530.4,277.5,480.0,6.996e-05,214,112,161,2.5,2.5,3.0,True
PT_55918b0afba39a2c,CyC,True,PTV_High-04,200.8,True,PTV_Low-04,329.1,True,,PTV_Mid-04,356.2,547.2,344.8,438.0,6.996e-05,220,139,148,2.5,2.5,3.0,True
PT_559aefbb26262e5c,CyC,True,PTV_High!04,111.4,True,PTV_Low!04,53.9,True,,PTV_Mid!04,333.4,562.2,283.9,444.0,6.996e-05,226,115,149,2.5,2.5,3.0,True
PT_56f3d5797457174f,CyC,True,PTV_High-04,113.5,True,PTV_Low-04,329.3,,ausente,,,422.4,257.7,381.0,6.996e-05,170,105,128,2.5,2.5,3.0,True
PT_5923daa6c6a31514,CyC,True,PTV_High-04,162.8,True,PTV_Low-04,236.0,True,,PTV_Mid-04,471.7,613.5,280.1,426.0,6.996e-05,247,126,143,2.5,2.5,3.0,True
PT_5a195a46029c3bd1,CyC,True,PTV_High-04,108.0,True,PTV_Low-04,161.5,True,,PTV_Mid-04,306.7,480.4,268.4,411.0,7.0989346e-05,194,109,138,2.5,2.5,3.0,True
PT_5b6a74017a45908c,CyC,True,PTV_High-04,60.9,True,PTV_Low-04,231.6,True,,PTV_Mid-04,320.9,565.4,303.3,501.0,6.996e-05,228,123,168,2.5,2.5,3.0,True
PT_5cd5d74d5f50d611,CyC,False,PTV_High,213.8,True,PTV_Low-04,255.5,True,,PTV_Mid-04,293.1,514.9,298.1,438.0,6.996e-05,207,121,148,2.5,2.5,3.0,True
PT_5ce5ec6a64d24f78,CyC,False,PTV_High,100.8,True,PTV_Low-04,229.0,True,,PTV_Mid-04,274.2,529.0,273.9,423.0,6.996e-05,213,111,142,2.5,2.5,3.0,True
PT_5e3a5d473a92cedb,CyC,True,PTV_High-04,91.4,True,PTV_Low-04,312.6,True,,PTV_Mid-04,368.3,557.0,286.5,417.0,6.996e-05,224,116,141,2.5,2.5,3.0,True
PT_5f330e3eeb64bfbb,CyC,True,PTV_High-04,132.2,True,PTV_Low-04,114.2,True,,PTV_Mid-04,294.9,529.9,259.0,405.0,6.996e-05,213,105,136,2.5,2.5,3.0,True
PT_60a83464b053e014,CyC,True,PTV_High-04,133.1,True,PTV_Low-04,68.0,True,,PTV_Mid-04,206.1,556.0,299.1,399.0,6.996e-05,224,121,134,2.5,2.5,3.0,True
PT_6118ec57dffcd8cc,CyC,True,PTV_High-04,74.6,True,PTV_Low-04,235.6,True,,PTV_Mid-04,166.7,482.5,280.9,417.0,6.996e-05,194,114,140,2.5,2.5,3.0,True
PT_65ebc54914351e57,CyC,True,PTV_High-04,59.4,True,PTV_Low-04,293.4,,ausente,,,463.4,254.6,468.0,6.996e-05,187,103,158,2.5,2.5,3.0,True
PT_69d8fe738b0ce247,CyC,True,PTV_High-04,102.8,True,PTV_Low-04,85.9,True,,PTV_Mid-04,466.2,568.6,267.2,426.0,6.996e-05,229,108,143,2.5,2.5,3.0,True
PT_6a4269d796a3ab42,CyC,True,PTV_High-04,84.2,True,PTV_Low-04,128.0,,ausente,,,463.5,257.1,453.0,6.996e-05,187,104,152,2.5,2.5,3.0,True
PT_6b71a0d809521eb1,CyC,True,PTV_High-04,197.2,True,PTV_Low-04,400.8,True,,PTV_Mid-04,307.7,551.5,299.7,477.0,6.996e-05,222,121,161,2.5,2.5,3.0,True
PT_6b988a724704cddb,CyC,True,PTV_High-04,100.7,True,PTV_Low-04,280.6,True,,PTV_Mid-04,257.6,570.8,269.2,438.0,6.996e-05,230,109,147,2.5,2.5,3.0,True
PT_6bf48f3d18e0d6c1,CyC,True,PTV_High-04,78.9,True,PTV_Low-04,132.1,False,,PTV_Mid,282.4,496.2,277.7,507.0,6.996e-05,200,113,171,2.5,2.5,3.0,True
PT_6bfd61fdf09f3ddb,CyC,True,PTV_High-04,225.4,True,PTV_Low-04,104.6,True,,PTV_Mid-04,303.4,446.9,347.2,441.0,6.9404762e-05,180,140,148,2.5,2.5,3.0,True
PT_6ca96d65f0c11497,CyC,True,PTV_High-04,118.0,True,PTV_Low-04,131.9,True,,PTV_Mid-04,93.2,433.0,265.7,366.0,7.0311558e-05,175,108,123,2.5,2.5,3.0,True
PT_6e4dcacf7d2359a9,CyC,True,PTV_High-04,107.6,True,PTV_Low-04,131.5,True,,PTV_Mid-04,289.5,454.0,255.7,393.0,6.996e-05,183,104,132,2.5,2.5,3.0,True
PT_6e4fe7354bf2a374,CyC,False,PTV_High,33.9,True,PTV_Low-04,251.5,True,,PTV_Mid-04,331.9,568.9,266.7,411.0,7.1387755e-05,229,111,138,2.5,2.5,3.0,True
PT_74f74728d9eab651,CyC,True,PTV_High-04,465.8,True,PTV_Low-04,383.4,True,,PTV_Mid-04,291.5,529.3,252.7,429.0,7.0311558e-05,213,103,144,2.5,2.5,3.0,True
PT_75807bbf80d7cb98,CyC,True,PTV_High-04,175.3,True,PTV_Low-04,232.2,True,,PTV_Mid-04,357.9,500.0,318.6,459.0,6.996e-05,201,129,154,2.5,2.5,3.0,True
PT_786c9a3f58cd28b8,CyC,True,PTV_High-04,67.3,True,PTV_Low-04,149.3,True,,PTV_Mid-04,353.1,457.4,267.5,438.0,6.996e-05,184,108,147,2.5,2.5,3.0,True
PT_7911e792733fc5bc,CyC,False,PTV_High,178.1,False,PTV_Low,120.9,True,,PTV_Mid-04,598.8,500.0,282.8,420.0,7.0255379e-05,201,115,142,2.5,2.5,3.0,True
PT_7b174492f8ad48eb,CyC,True,PTV_High-04,96.8,True,PTV_Low-04,237.3,,ausente,,,500.0,304.5,402.0,6.996e-05,201,123,135,2.5,2.5,3.0,True
PT_7bf66be044837c35,CyC,True,PTV_High-04,242.7,True,PTV_Low-04,146.7,True,,PTV_Mid-04,570.8,525.5,260.4,414.0,6.996e-05,212,106,139,2.5,2.5,3.0,True
PT_7e2586fe367facce,CyC,True,PTV_High-04,188.3,True,PTV_Low-04,229.6,True,,PTV_Mid-04,154.1,575.6,265.6,390.0,6.996e-05,232,108,131,2.5,2.5,3.0,True
PT_7f9032b482bdd643,CyC,True,PTV_High-04,642.5,True,PTV_Low-04,155.3,True,,PTV_Mid-04,1121.7,523.3,306.6,453.0,6.996e-05,212,134,147,2.5,2.5,3.0,True
PT_81f2d4c8235c4098,CyC,False,PTV_High,73.7,True,PTV_Low-04,288.2,True,,PTV_Mid-0.4,343.7,528.9,266.3,417.0,6.996e-05,213,108,141,2.5,2.5,3.0,True
PT_83717baf3ae31fe7,CyC,True,PTV_High-04,262.0,False,PTV_Low,58.6,True,,PTV_Mid-04,327.7,549.7,295.9,426.0,6.996e-05,221,120,144,2.5,2.5,3.0,True
PT_871c14fa7239c45e,CyC,True,PTV_High-04,174.7,True,PTV_Low-04,304.8,True,,PTV_Mid-04,300.4,505.9,291.3,420.0,6.996e-05,204,118,141,2.5,2.5,3.0,True
PT_87fd1377b4cad9e2,CyC,True,PTV_High-04,394.8,True,PTV_Low-04,168.1,True,,PTV_Mid-04,264.6,496.1,270.2,420.0,6.996e-05,200,110,142,2.5,2.5,3.0,True
PT_89f8cd4ed9aba2e2,CyC,True,PTV_High-04,179.1,True,PTV_Low-04,82.9,True,,PTV_Mid-04,302.9,496.7,278.5,435.0,6.996e-05,200,113,146,2.5,2.5,3.0,True
PT_8a54031f422bc10f,CyC,True,PTV_High-04,116.9,True,PTV_Low-04,360.0,True,,PTV_Mid-04,272.5,540.9,280.7,396.0,6.996e-05,218,114,133,2.5,2.5,3.0,True
PT_8a9d69ea4ef84f91,CyC,True,PTV_High!04,92.5,True,PTV_Low!04,301.1,True,,PTV_Mid!04,255.3,480.6,269.6,411.0,6.996e-05,194,109,138,2.5,2.5,3.0,True
PT_8b0115da39259193,CyC,True,PTV_High-04,113.6,True,PTV_Low-04,57.7,True,,PTV_Mid-04,224.0,528.0,253.5,417.0,6.996e-05,213,103,141,2.5,2.5,3.0,True
PT_8b7cfdb3b74f6e06,CyC,True,PTV_High-04,30.1,True,PTV_Low-04,46.4,True,,PTV_Mid-04,342.8,578.4,256.0,399.0,6.996e-05,233,105,135,2.5,2.5,3.0,True
PT_8d05cd109cee8c2b,CyC,True,PTV_High-04,104.1,True,PTV_Low-04,178.3,True,,PTV_Mid-04,321.6,479.8,267.1,390.0,7.07739e-05,191,108,131,2.5,2.5,3.0,True
PT_8da629533ffe7e85,CyC,True,PTV_High-04,150.6,True,PTV_Low-04,347.8,True,,PTV_Mid-04,352.1,570.5,307.9,417.0,6.996e-05,230,125,141,2.5,2.5,3.0,True
PT_8ecf42329ef4573b,CyC,True,PTV_High-04,286.1,True,PTV_Low-04,210.9,True,,PTV_Mid-04,403.9,521.1,273.9,405.0,6.996e-05,210,111,136,2.5,2.5,3.0,True
PT_8fb414ab1c399b5e,CyC,True,PTV_High-04,59.4,True,PTV_Low-04,89.5,True,,PTV_Mid-04,433.3,523.0,269.0,408.0,6.996e-05,218,109,137,2.5,2.5,3.0,True
PT_909a424ff2e5e6d8,CyC,True,PTV_High-04,34.0,True,PTV_Low-04,271.5,True,,PTV_Mid-04,167.5,452.2,240.4,405.0,6.996e-05,182,98,137,2.5,2.5,3.0,True
PT_914f30697983f997,CyC,True,PTV_High-04,259.9,True,PTV_Low-04,80.4,True,,PTV_Mid-04,714.0,555.5,308.0,438.0,6.996e-05,224,125,147,2.5,2.5,3.0,True
PT_9192aa4002cd07e5,CyC,True,PTV_High-04,147.3,True,PTV_Low-04,64.7,True,,PTV_Mid-04,369.3,426.4,245.4,426.0,6.961194e-05,172,100,143,2.5,2.5,3.0,True
PT_92822cbdda8fa0e6,CyC,True,PTV_High-04,168.5,True,PTV_Low-04,195.8,True,,PTV_Mid-04,189.2,522.4,273.1,411.0,6.996e-05,210,111,139,2.5,2.5,3.0,True
PT_9849397e80a39943,CyC,True,PTV_High-04,106.4,True,PTV_Low-04,111.6,True,,PTV_Mid-04,271.4,568.1,271.5,456.0,6.996e-05,229,110,153,2.5,2.5,3.0,True
PT_98d042ec47757136,CyC,True,PTV_High-04,319.4,True,PTV_Low-04,150.3,True,,PTV_Mid-04,508.2,490.2,262.9,458.0,6.996e-05,198,107,230,2.5,2.5,2.0,True
PT_9bcdc56462d32b07,CyC,False,PTV_High,403.1,False,PTV_Low,1011.6,False,,PTV_Mid,17.1,493.0,272.8,454.0,7.0666667e-05,199,111,228,2.5,2.5,2.0,True
PT_9d29a5623ab1bd43,CyC,True,PTV_High-04,183.0,True,PTV_Low-04,139.5,True,,PTV_Mid-04,362.2,548.7,291.4,474.0,6.9928086e-05,221,118,159,2.5,2.5,3.0,True
PT_9d6c669f6fa4f461,CyC,True,PTV_High-04,124.6,True,PTV_Low-04,182.7,True,,PTV_Mid-04,433.3,537.5,280.9,450.0,7.0666667e-05,210,112,151,2.5,2.5,3.0,True
PT_a070cc4d16bcec6c,CyC,True,PTV_High-04,69.1,True,PTV_Low-04,129.6,True,,PTV_Mid-04,314.2,519.6,241.9,372.0,7.0311558e-05,209,98,125,2.5,2.5,3.0,True
PT_a0d0915d25c4dfa0,CyC,True,PTV_High-04,130.6,True,PTV_Low-04,90.4,True,,PTV_Mid-04,191.9,494.7,266.4,459.0,6.961194e-05,199,108,154,2.5,2.5,3.0,True
PT_a34f7226d9d2aabc,CyC,True,PTV_High-04,132.1,True,PTV_Low-04,364.6,,"solo_volumen_cero:PTV_Mid,PTV_Mid-04",,,499.6,269.1,390.0,6.961194e-05,201,109,132,2.5,2.5,3.0,True
PT_a3632635869b1ae2,CyC,False,PTV_High,247.5,True,PTV_Low-04,244.3,True,,PTV_Mid-04,224.0,562.7,272.4,507.0,6.996e-05,227,110,170,2.5,2.5,3.0,True
PT_a85cbb9a3538a67b,CyC,False,PTV_High,51.0,True,PTV_Low-04,42.1,True,,PTV_Mid-04,151.0,469.0,237.9,378.0,7.0666667e-05,189,97,128,2.5,2.5,3.0,True
PT_a9c0187aec1045e6,CyC,False,PTV_High,59.4,True,PTV_Low-04,66.6,True,,PTV_Mid-04,145.6,456.4,242.5,384.0,6.996e-05,184,98,129,2.5,2.5,3.0,True
PT_a9ce929e2bee842c,CyC,True,PTV_High-04,207.7,True,PTV_Low-04,298.0,True,,PTV_Mid-04,238.6,484.4,330.3,426.0,6.996e-05,194,113,134,2.5,2.5,3.0,True
PT_ab1aeb403bda939a,CyC,True,PTV_High-04,162.4,True,PTV_Low-04,194.2,True,,PTV_Mid-04,256.4,510.3,282.9,420.0,7.0135338e-05,206,115,141,2.5,2.5,3.0,True
PT_ab23c306de4d115c,CyC,True,PTV_High-04,180.2,True,PTV_Low-04,103.6,True,,PTV_Mid-04,547.1,517.8,294.2,417.0,6.996e-05,209,119,140,2.5,2.5,3.0,True
PT_ac70c40cbcd1ef75,CyC,True,PTV_High-04,147.1,True,PTV_Low-04,245.9,True,,PTV_Mid-04,437.3,474.7,239.1,429.0,6.996e-05,191,97,144,2.5,2.5,3.0,True
PT_b08b4ea639f987e2,CyC,True,PTV_High-04,86.3,True,PTV_Low-04,231.8,True,,PTV_Mid-04,380.6,555.6,268.7,426.0,6.996e-05,224,109,144,2.5,2.5,3.0,True
PT_b1dd5968b48b7a46,CyC,True,PTV_High-04,98.4,True,PTV_Low-04,210.8,True,,PTV_Mid-04,232.5,520.4,269.3,381.0,6.996e-05,210,109,128,2.5,2.5,3.0,True
PT_b2e4121108438024,CyC,True,PTV_High-04,186.4,True,PTV_Low-04,59.8,True,,PTV_Mid-04,475.2,496.2,269.5,426.0,6.996e-05,200,109,143,2.5,2.5,3.0,True
PT_b55d907a5f2cc495,CyC,True,PTV_High-04,248.2,True,PTV_Low-04,163.2,True,,PTV_Mid-04,592.9,616.2,290.6,429.0,6.996e-05,248,118,145,2.5,2.5,3.0,True
PT_b58e038f058e42d1,CyC,True,PTV_High-04,84.2,True,PTV_Low-04,149.7,True,,PTV_Mid-04,602.0,585.6,312.9,399.0,6.996e-05,229,126,134,2.5,2.5,3.0,True
PT_b590bed40077d992,CyC,True,PTV_High-04,45.5,True,PTV_Low-04,162.8,True,,PTV_Mid-04,274.0,568.0,260.4,414.0,7.0524194e-05,229,106,139,2.5,2.5,3.0,True
PT_b619aed2de82b427,CyC,True,PTV_High-04,68.1,True,PTV_Low-04,76.2,True,,PTV_Mid-04,183.9,497.9,260.9,435.0,6.996e-05,201,106,147,2.5,2.5,3.0,True
PT_b71487602dfb9186,CyC,True,PTV_High-04,221.9,True,PTV_Low-04,254.7,True,,PTV_Mid-04,190.5,497.3,258.2,444.0,7.020572e-05,200,105,150,2.5,2.5,3.0,True
PT_b7e0f2d4bd4562a9,CyC,True,PTV_High-04,188.9,True,PTV_Low-04,159.3,True,,PTV_Mid-04,448.2,482.3,302.2,438.0,6.996e-05,194,122,147,2.5,2.5,3.0,True
PT_b8ab6f4f9186b594,CyC,True,PTV_High-04,145.3,True,PTV_Low-04,158.1,True,,PTV_Mid-04,303.0,412.8,261.2,402.0,6.996e-05,167,106,136,2.5,2.5,3.0,True
PT_ba5f8a95fca50a3a,CyC,True,PTV_High-04,581.0,True,PTV_Low-04,454.3,True,,PTV_Mid-04,701.6,524.6,333.2,531.0,7.0666667e-05,211,135,178,2.5,2.5,3.0,True
PT_bc1add03e9aacfc6,CyC,True,PTV_High-04,56.4,True,PTV_Low-04,144.9,True,,PTV_Mid-04,102.1,418.0,261.9,372.0,6.996e-05,169,106,126,2.5,2.5,3.0,True
PT_bc3d6255ad42ab92,CyC,True,PTV_High-04,118.9,True,PTV_Low-04,256.0,True,,PTV_Mid-04,312.9,493.4,246.1,366.0,6.996e-05,199,100,123,2.5,2.5,3.0,True
PT_bdef31db5d5e194c,CyC,False,PTV_High,96.9,False,PTV_Low,98.7,True,,PTV_Mid-04,595.3,527.5,266.3,390.0,6.996e-05,212,108,131,2.5,2.5,3.0,True
PT_c00162a9f95d856b,CyC,True,PTV_High-04,80.4,True,PTV_Low-04,67.3,True,,PTV_Mid-04,204.5,496.2,327.2,387.0,6.996e-05,200,132,130,2.5,2.5,3.0,True
PT_c34275d558d1deb1,CyC,True,PTV_High-04,270.1,True,PTV_Low-04,90.0,True,,PTV_Mid-04,448.2,567.8,285.8,417.0,6.996e-05,229,116,140,2.5,2.5,3.0,True
PT_c368f93db0ccd359,CyC,True,PTV_High-04,208.8,True,PTV_Low-04,167.5,True,,PTV_Mid-04,393.4,512.7,274.0,441.0,6.996e-05,207,111,148,2.5,2.5,3.0,True
PT_c3955092e07a3d8a,CyC,True,PTV_High-04,141.2,True,PTV_Low-04,230.1,True,,PTV_Mid-04,231.0,468.7,274.4,441.0,7.0311558e-05,189,111,149,2.5,2.5,3.0,True
PT_c53220ec5f49a191,CyC,True,PTV_High-04,44.1,True,PTV_Low-04,27.5,True,,PTV_Mid-04,219.2,470.5,244.5,390.0,7.0488665e-05,190,99,131,2.5,2.5,3.0,True
PT_c5b21f5d0cbc7895,CyC,False,PTV_High,83.3,True,PTV_Low-04,284.4,True,,PTV_Mid-04,340.1,530.9,257.9,384.0,6.996e-05,214,105,129,2.5,2.5,3.0,True
PT_c5e87ec49ff4445f,CyC,True,PTV_High-04,208.9,True,PTV_Low-04,215.1,True,,PTV_Mid-04,541.9,519.8,283.4,417.0,6.996e-05,209,115,141,2.5,2.5,3.0,True
PT_c6a05735c3c0c43e,CyC,True,PTV_High-04,206.9,True,PTV_Low-04,226.1,True,,PTV_Mid-04,263.6,533.6,265.6,462.0,6.996e-05,215,108,156,2.5,2.5,3.0,True
PT_c8ab5e655786442d,CyC,True,PTV_High-04,159.0,True,PTV_Low-04,114.4,True,,PTV_Mid-04,498.9,563.5,275.5,483.0,6.996e-05,227,112,163,2.5,2.5,3.0,True
PT_c921d707a84083c3,CyC,True,PTV_High-04,266.7,True,PTV_Low-04,101.3,True,,PTV_Mid-04,451.1,447.0,305.7,424.0,6.996e-05,180,124,214,2.5,2.5,2.0,True
PT_cabd2efbf4a70a36,CyC,False,PTV_High,202.4,True,PTV_Low-04,315.7,True,,PTV_Mid-04,254.7,570.8,250.8,390.0,6.996e-05,230,102,131,2.5,2.5,3.0,True
PT_caefecceac8746a3,CyC,True,PTV_High-04,180.8,False,PTV_Low,127.3,True,,PTV_Mid-04,788.8,564.3,280.4,375.0,6.996e-05,227,114,127,2.5,2.5,3.0,True
PT_cc54d19b6afb3249,CyC,False,PTV_High,144.0,False,PTV_Low,41.2,True,,PTV_Mid-04,245.6,459.8,285.2,420.0,6.996e-05,185,116,141,2.5,2.5,3.0,True
PT_cc84204b81b7df28,CyC,True,PTV_High-04,196.3,True,PTV_Low-04,327.8,True,,PTV_Mid-04,276.9,559.7,273.5,495.0,6.996e-05,225,111,167,2.5,2.5,3.0,True
PT_cd0b624e2873aeb7,CyC,True,PTV_High-04,74.6,True,PTV_Low-04,279.9,True,,PTV_Mid-04,316.3,559.5,290.2,438.0,6.996e-05,225,118,147,2.5,2.5,3.0,True
PT_cd11baa30540c3a9,CyC,False,PTV_High,164.0,True,PTV_Low-04,229.4,True,,PTV_Mid-04,241.5,497.7,276.1,462.0,6.996e-05,201,112,155,2.5,2.5,3.0,True
PT_d139dd94f42ab5dc,CyC,True,PTV_High-04,112.2,True,PTV_Low-04,147.5,True,,PTV_Mid-04,345.9,498.5,265.3,474.0,6.996e-05,201,108,239,2.5,2.5,2.0,True
PT_d20227507e1af86c,CyC,True,PTV_High-04,214.4,True,PTV_Low-04,183.4,True,,PTV_Mid-04,174.9,524.2,279.0,465.0,7.0311558e-05,211,113,156,2.5,2.5,3.0,True
PT_d3337c99c1088b80,CyC,True,PTV_High-04,27.5,True,PTV_Low-04,54.2,True,,PTV_Mid-04,118.1,470.5,261.7,447.0,7.0311558e-05,190,106,150,2.5,2.5,3.0,True
PT_d411466b57feab0d,CyC,True,PTV_High-04,62.2,True,PTV_Low-04,181.8,True,,PTV_Mid-04,148.7,495.6,270.9,444.0,6.9750748e-05,200,110,149,2.5,2.5,3.0,True
PT_d413ef788f1be6cf,CyC,True,PTV_High-04,143.3,False,PTV_Low,110.8,True,,PTV_Mid-04,534.7,571.0,289.4,426.0,6.996e-05,230,117,143,2.5,2.5,3.0,True
PT_d41fa07c4f323437,CyC,True,PTV_High-04,139.0,True,PTV_Low-04,171.7,True,,PTV_Mid-04,605.7,472.5,409.8,495.0,6.9349705e-05,184,164,167,2.5,2.5,3.000005,True
PT_d44b52507ea28b59,CyC,True,PTV_High-04,129.5,True,PTV_Low-04,269.1,True,,PTV_Mid-04,110.6,450.1,243.2,345.0,6.996e-05,182,99,117,2.5,2.5,3.0,True
PT_d6bfd678779feedf,CyC,True,PTV_High-04,212.9,True,PTV_Low-04,228.5,True,,PTV_Mid-04,198.0,562.1,268.4,438.0,6.996e-05,226,109,148,2.5,2.5,3.0,True
PT_d6e12e5afb0448a4,CyC,True,PTV_High-04,204.0,True,PTV_Low-04,126.1,True,,PTV_Mid-04,22.7,438.6,273.5,396.0,6.996e-05,177,111,134,2.5,2.5,3.0,True
PT_d83a48002ca5e160,CyC,True,PTV_High-04,354.2,True,PTV_Low-04,130.8,True,,PTV_Mid-04,669.6,522.8,280.8,396.0,7.01002e-05,199,114,133,2.5,2.5,3.0,True
PT_d9f1f4e4899ded44,CyC,True,PTV_High-04,141.8,True,PTV_Low-04,240.5,True,,PTV_Mid-04,173.0,485.0,261.0,423.0,6.996e-05,195,106,142,2.5,2.5,3.0,True
PT_d9f28f4f65feaf6a,CyC,True,PTV_High-04,166.4,True,PTV_Low-04,52.1,True,,PTV_Mid-04,199.5,564.2,267.1,426.0,6.996e-05,227,108,143,2.5,2.5,3.0,True
PT_dca005c22af2ae4b,CyC,True,PTV_High-04,105.5,True,PTV_Low-04,61.5,True,,PTV_Mid-04,218.2,555.0,265.7,423.0,7.1643625e-05,223,108,143,2.5,2.5,3.0,True
PT_ddbfc29d45bd9e44,CyC,True,PTV_High-04,147.8,True,PTV_Low-04,317.1,True,,PTV_Mid-04,393.1,567.2,282.9,420.0,6.996e-05,228,115,141,2.5,2.5,3.0,True
PT_e08d3159e7010a6f,CyC,True,PTV_High-04,109.7,True,PTV_Low-04,166.1,True,,PTV_Mid-04,440.8,569.8,280.6,444.0,6.996e-05,229,114,149,2.5,2.5,3.0,True
PT_e19c92542656413d,CyC,False,PTV_High,78.5,True,PTV_Low-04,197.5,True,,PTV_Mid-04,252.7,552.6,296.9,423.0,6.996e-05,222,120,142,2.5,2.5,3.0,True
PT_e280fb46e8080ea1,CyC,True,PTV_High-04,220.4,True,PTV_Low-04,582.3,True,,PTV_Mid-04,217.3,553.6,269.0,339.0,6.996e-05,228,108,130,2.5,2.5,3.0,True
PT_e3cc09ac920fc42b,CyC,True,PTV_High-04,62.7,True,PTV_Low-04,217.5,True,,PTV_Mid-04,529.9,552.2,269.7,423.0,6.996e-05,222,109,142,2.5,2.5,3.0,True
PT_e3da6358e19487e1,CyC,True,PTV_High-04,248.0,True,PTV_Low-04,101.3,True,,PTV_Mid-04,497.1,482.0,298.9,468.0,6.996e-05,194,121,157,2.5,2.5,3.0,True
PT_e5061f032d464e41,CyC,True,PTV_High-04,226.7,True,PTV_Low-04,130.3,True,,PTV_Mid-04,292.8,444.1,253.3,459.0,6.996e-05,179,103,155,2.5,2.5,3.000006,True
PT_e5dde7390b2a4567,CyC,True,PTV_High-0.4,338.1,True,PTV_Low-0.4,272.0,True,,PTV_Mid-0.4,206.5,520.0,283.4,414.0,6.996e-05,209,115,139,2.5,2.5,3.0,True
PT_e8b3c44d3c8c708a,CyC,True,PTV_High-04,87.7,True,PTV_Low-04,347.5,True,,PTV_Mid-04,298.9,567.8,279.4,420.0,7.1239007e-05,229,113,142,2.5,2.5,3.0,True
PT_e9f3c0f35bd89e90,CyC,True,PTV_High-04,91.4,True,PTV_Low-04,89.7,True,,PTV_Mid-04,217.5,545.6,273.8,426.0,6.996e-05,220,111,143,2.5,2.5,3.0,True
PT_ec857fa843d0ada9,CyC,True,PTV_High-04,265.6,False,PTV_Low,79.9,True,,PTV_Mid-04,750.0,557.6,294.7,471.0,6.996e-05,225,119,158,2.5,2.5,3.0,True
PT_ee9e7d85f565a70b,CyC,True,PTV_High-04,12.5,True,PTV_Low-04,329.5,True,,PTV_Mid-0.4,209.3,480.4,261.4,396.0,6.9267327e-05,194,106,133,2.5,2.5,3.0,True
PT_ef7fe914c3f34a22,CyC,True,PTV_High-04,166.8,True,PTV_Low-04,185.2,True,,PTV_Mid-04,165.1,481.3,246.7,444.0,6.996e-05,194,100,149,2.5,2.5,3.0,True
PT_f186749ef57c5345,CyC,True,PTV_High-04,90.7,True,PTV_Low-04,78.2,True,,PTV_Mid-04,170.8,545.4,252.2,447.0,6.996e-05,220,102,150,2.5,2.5,3.0,True
PT_f5682bd55f2d32a9,CyC,True,PTV_High-04,40.2,True,PTV_Low-04,116.1,True,,PTV_Mid-04,315.2,565.4,258.4,411.0,6.996e-05,228,105,138,2.5,2.5,3.0,True
PT_f7932e33d14fedfc,CyC,True,PTV_High-04,106.5,True,PTV_Low-04,287.3,True,,PTV_Mid-04,169.4,486.8,247.2,416.0,6.996e-05,196,100,209,2.5,2.5,2.0,True
PT_f79a7433955bb4c4,CyC,True,PTV_High-04,117.9,True,PTV_Low-04,248.8,True,,PTV_Mid-04,234.5,481.7,267.9,411.0,6.996e-05,194,109,139,2.5,2.5,3.0,True
PT_fb4e83949ce02ac9,CyC,False,PTV_High,251.7,False,PTV_Low,128.8,True,,PTV_Mid-04,1155.2,514.5,257.4,375.0,6.961194e-05,207,104,126,2.5,2.5,3.0,True
PT_fb798d09b017c7f2,CyC,True,PTV_High-04,159.0,True,PTV_Low-04,122.4,True,,PTV_Mid-04,300.7,460.7,256.0,402.0,6.996e-05,186,104,135,2.5,2.5,3.0,True
PT_fdcad61a9a37250a,CyC,True,PTV_High-04,176.1,True,PTV_Low-04,278.4,True,,PTV_Mid-0.4,212.4,463.5,281.8,408.0,6.996e-05,187,114,137,2.5,2.5,3.0,True
PT_fe2c6c68f6985220,CyC,True,PTV_High-04,95.6,True,PTV_Low-04,120.2,True,,PTV_Mid-04,578.3,499.7,272.9,444.0,7.1387755e-05,201,111,149,2.5,2.5,3.0,True
PT_0108738fc63c3a33,Pelvis,False,PTV_High,1192.2,,,,,,,,379.1,232.8,429.0,4.9950674e-05,153,95,144,2.5,2.5,3.0,True
PT_01bb8559edc26ae5,Pelvis,False,PTV_High,1486.9,,,,,,,,457.0,243.9,531.0,4.9690282e-05,184,99,178,2.5,2.5,3.0,True
PT_0324e85b222f399d,Pelvis,False,PTV_High,1115.8,,,,,,,,456.2,239.7,402.0,5.0251256e-05,184,97,135,2.5,2.5,3.0,True
PT_04833dd20d641b6e,Pelvis,False,PTV_High,1747.2,,,,,,,,370.6,242.9,372.0,5.0384208e-05,150,99,125,2.5,2.5,3.0,True
PT_05831f9b1f6c5382,Pelvis,False,PTV_High,1398.1,,,,,,,,456.4,211.0,561.0,5e-05,185,87,188,2.5,2.5,3.0,True
PT_05ea24e09779df49,Pelvis,False,PTV_High,1429.4,,,,,,,,446.8,227.0,483.0,5e-05,180,92,162,2.5,2.5,3.0,True
PT_06610d066fe55e8e,Pelvis,False,PTV_High,2107.5,,,,,,,,429.8,257.3,411.0,5e-05,173,104,138,2.5,2.5,3.0,True
PT_08aa8d2a67f22be5,Pelvis,False,PTV_High,1561.3,,,,,,,,405.7,252.8,504.0,4.9751244e-05,164,103,169,2.5,2.5,3.0,True
PT_0afaac1a1ead5010,Pelvis,False,PTV_High,1295.6,,,,,,,,395.8,221.3,438.0,5e-05,160,90,147,2.5,2.5,3.0,True
PT_0ee66af2dd4c0880,Pelvis,False,PTV_High,1783.6,,,,,,,,374.0,213.1,477.0,5e-05,158,148,168,2.5,2.5,3.0,True
PT_0ef6f1c1197c2c35,Pelvis,False,PTV_High,1470.7,,,,,,,,389.2,210.2,366.0,5.0251256e-05,157,86,123,2.5,2.5,3.0,True
PT_1236511005be4d68,Pelvis,False,PTV_High,1360.0,,,,,,,,396.6,232.5,399.0,5.0080717e-05,160,94,134,2.5,2.5,3.0,True
PT_129a4d7fa81eedbd,Pelvis,False,PTV_High,1315.2,,,,,,,,329.2,196.5,444.0,4.9992786e-05,133,80,149,2.5,2.5,3.0,True
PT_1566b56b20d4b599,Pelvis,False,PTV_High,1562.0,,,,,,,,405.9,234.3,378.0,5.0500329e-05,164,95,127,2.5,2.5,3.0,True
PT_16208f9cc20a9731,Pelvis,False,PTV_High,1665.8,,,,,,,,378.6,241.4,420.0,5.0505051e-05,153,98,141,2.5,2.5,3.0,True
PT_17dda77c17005558,Pelvis,False,PTV_High,1659.0,,,,,,,,399.7,228.5,402.0,5.0761421e-05,161,93,135,2.5,2.5,3.0,True
PT_1c617ef8e4508b2a,Pelvis,False,PTV_High,1388.6,,,,,,,,544.1,252.4,444.0,5e-05,219,102,149,2.5,2.5,3.0,True
PT_1cfde3551d75ef6b,Pelvis,False,PTV_High,1683.1,,,,,,,,383.7,235.0,384.0,4.9256653e-05,155,95,129,2.5,2.5,3.0,True
PT_1d67f4a0b9f4375f,Pelvis,False,PTV_High,1131.5,,,,,,,,534.5,249.7,588.0,5.0199709e-05,215,101,197,2.5,2.5,3.0,True
PT_1f21acc5ea0cca11,Pelvis,False,PTV_High,1380.6,,,,,,,,445.7,353.5,375.0,5e-05,180,143,126,2.5,2.5,3.0,True
PT_1f36b701ec969a1c,Pelvis,False,PTV_High,1661.8,,,,,,,,363.4,205.0,447.0,5.0088469e-05,147,84,150,2.5,2.5,3.0,True
PT_1fc29c9ea549e131,Pelvis,False,PTV,1435.0,,,,,,,,455.9,226.3,444.0,5.0464042e-05,184,92,149,2.5,2.5,3.0,True
PT_1fe2326037f58323,Pelvis,False,PTV_High,2172.7,,,,,,,,466.1,257.6,423.0,5e-05,188,105,142,2.5,2.5,3.0,True
PT_22041927af3e1578,Pelvis,False,PTV_High,1820.0,,,,,,,,426.7,235.0,420.0,4.9701789e-05,172,95,141,2.5,2.5,3.0,True
PT_2276e7c04f6aa6c6,Pelvis,False,PTV_High,1130.0,,,,,,,,350.7,196.8,393.0,5e-05,156,132,132,2.5,2.5,3.0,True
PT_258346f1e40fbf8f,Pelvis,False,PTV_High,1451.7,,,,,,,,481.7,250.9,648.0,4.950495e-05,194,103,217,2.5,2.5,3.0,True
PT_275ea6f874ea8984,Pelvis,False,PTV_High,1526.6,,,,,,,,401.2,266.4,411.0,5e-05,162,108,138,2.5,2.5,3.0,True
PT_27eae9aa72338e99,Pelvis,False,PTV_High,1672.1,,,,,,,,450.6,258.4,519.0,4.9826035e-05,182,105,174,2.5,2.5,3.0,True
PT_28ecbad8535ed1fa,Pelvis,False,PTV_High,1897.3,,,,,,,,379.8,260.2,453.0,5.0761421e-05,153,106,152,2.5,2.5,3.0,True
PT_297ab0753fd0d74f,Pelvis,False,PTV_High,1987.5,,,,,,,,524.7,268.9,474.0,4.8780488e-05,211,109,159,2.5,2.5,3.0,True
PT_2a4b9c18a3dabbbb,Pelvis,False,PTV_High,1508.2,,,,,,,,374.8,222.8,630.0,5e-05,150,90,211,2.5,2.5,3.0,True
PT_3077737b168e980c,Pelvis,False,PTV_High,1364.9,,,,,,,,376.8,259.4,435.0,5.1422376e-05,152,105,146,2.5,2.5,3.0,True
PT_309880b6c5d66839,Pelvis,False,PTV_High,1650.8,,,,,,,,418.4,247.3,489.0,5.1282051e-05,169,100,164,2.5,2.5,3.0,True
PT_335a573096b14e06,Pelvis,False,PTV_High,1585.6,,,,,,,,492.0,269.8,408.0,5e-05,198,109,137,2.5,2.5,3.0,True
PT_365d18ccb5e7f706,Pelvis,False,PTV_High,1574.3,,,,,,,,379.7,222.8,420.0,5.0262082e-05,153,91,141,2.5,2.5,3.0,True
PT_36a671807790bc0f,Pelvis,False,PTV_High,1649.6,,,,,,,,504.8,285.6,609.0,5e-05,203,116,204,2.5,2.5,3.0,True
PT_36aece7b07f1100e,Pelvis,False,PTV_High,1949.1,,,,,,,,377.1,221.1,486.0,5e-05,151,89,163,2.5,2.5,3.0,True
PT_3853132f542ed6aa,Pelvis,False,PTV_High,1139.9,,,,,,,,488.9,224.2,426.0,5e-05,197,91,143,2.5,2.5,3.0,True
PT_4105cc8a2ad3973c,Pelvis,False,PTV_High,1470.6,,,,,,,,480.0,278.0,474.0,4.9019608e-05,193,113,159,2.5,2.5,3.0,True
PT_41d90d15934f5e46,Pelvis,False,PTV_High,1703.0,,,,,,,,429.3,241.3,363.0,5e-05,173,98,122,2.5,2.5,3.0,True
PT_42b085bec4ef14b1,Pelvis,False,PTV_High,1810.2,,,,,,,,380.7,245.1,408.0,5.0505051e-05,154,99,137,2.5,2.5,3.0,True
PT_43158ac0ae944648,Pelvis,False,PTV_High,1404.8,,,,,,,,476.0,309.6,501.0,5.1143799e-05,192,125,169,2.5,2.5,3.0,True
PT_4625d68f22b7f22f,Pelvis,False,PTV_High,1674.4,,,,,,,,372.2,224.4,459.0,4.950495e-05,150,91,154,2.5,2.5,3.0,True
PT_46e269952859e3fc,Pelvis,False,PTV_High,1520.2,,,,,,,,407.6,236.8,444.0,4.9921376e-05,165,96,149,2.5,2.5,3.0,True
PT_4805c257a08e895e,Pelvis,False,PTV_High,1690.8,,,,,,,,410.3,242.2,483.0,5e-05,166,98,162,2.5,2.5,3.0,True
PT_482414681a0e43fd,Pelvis,False,PTV_High,1538.0,,,,,,,,396.2,230.9,471.0,5e-05,160,94,158,2.5,2.5,3.0,True
PT_49f9ceef1c10627d,Pelvis,False,PTV_High,1559.7,,,,,,,,479.1,227.4,591.0,5e-05,193,92,198,2.5,2.5,3.0,True
PT_4a61e5ef380d4739,Pelvis,False,PTV_High,1827.9,,,,,,,,408.0,264.2,408.0,4.8666413e-05,165,107,137,2.5,2.5,3.0,True
PT_4b27fc2fca1d0884,Pelvis,False,PTV_High,1397.0,,,,,,,,331.1,190.6,369.0,4.9774068e-05,134,78,124,2.5,2.5,3.0,True
PT_4ea9d1d5774caadb,Pelvis,False,PTV_High,1743.5,,,,,,,,479.5,249.9,456.0,5e-05,193,101,153,2.5,2.5,3.0,True
PT_50415eb265de2a51,Pelvis,False,PTV_High,1562.7,,,,,,,,401.0,218.1,636.0,4.9868007e-05,162,89,213,2.5,2.5,3.0,True
PT_51e62f60e9eebfb9,Pelvis,False,PTV_High,1652.2,,,,,,,,384.4,230.9,426.0,5.0505051e-05,155,94,143,2.5,2.5,3.0,True
PT_537263ca82fea2db,Pelvis,False,PTV_High,1733.4,,,,,,,,481.4,213.8,387.0,5.0352467e-05,194,87,130,2.5,2.5,3.0,True
PT_56a6140a9089f659,Pelvis,False,PTV_High,1646.4,,,,,,,,402.9,233.4,492.0,5.0505051e-05,163,95,165,2.5,2.5,3.0,True
PT_5b3ede0fe3fa553a,Pelvis,False,PTV_High,1409.1,,,,,,,,444.4,273.4,477.0,5e-05,179,111,160,2.5,2.5,3.0,True
PT_5b9705dbedb5bf59,Pelvis,False,PTV_High,1320.0,,,,,,,,300.1,174.7,333.0,5.0022014e-05,122,71,112,2.5,2.5,3.0,True
PT_5bbe3af4da4a9eeb,Pelvis,False,PTV_High,1363.2,,,,,,,,488.7,243.8,585.0,5e-05,197,99,196,2.5,2.5,3.0,True
PT_600b96e2f837a0af,Pelvis,False,PTV_High,1860.6,,,,,,,,357.4,233.6,453.0,4.9216202e-05,144,95,152,2.5,2.5,3.0,True
PT_603b5f0a58403c15,Pelvis,False,PTV_High,1546.5,,,,,,,,451.5,216.0,405.0,5e-05,182,88,136,2.5,2.5,3.0,True
PT_60df5c30e3700ad5,Pelvis,False,PTV_High,1648.9,,,,,,,,490.9,374.8,468.0,5.0761421e-05,198,151,157,2.5,2.5,3.0,True
PT_628153252f3bba09,Pelvis,False,PTV_High,1518.6,,,,,,,,337.0,192.6,579.0,5e-05,136,79,194,2.5,2.5,3.0,True
PT_65bab1ff8ea225e4,Pelvis,False,PTV_High,1133.8,,,,,,,,456.6,249.4,411.0,4.950495e-05,184,101,138,2.5,2.5,3.0,True
PT_66d3a7fe6d90c732,Pelvis,False,PTV_High,1495.8,,,,,,,,413.9,248.4,438.0,5e-05,167,101,147,2.5,2.5,3.0,True
PT_68a542b88ec05126,Pelvis,False,PTV_High,1686.5,,,,,,,,354.2,198.7,327.0,5e-05,143,81,110,2.5,2.5,3.0,True
PT_69bee771e0d74f27,Pelvis,False,PTV_High,2039.3,,,,,,,,472.4,242.9,444.0,5e-05,190,99,149,2.5,2.5,3.0,True
PT_6afdcf3113db58e1,Pelvis,False,PTV_High,1696.2,,,,,,,,497.1,294.8,498.0,5e-05,200,119,167,2.5,2.5,3.0,True
PT_6e57884bc25521e4,Pelvis,False,PTV_High,1554.0,,,,,,,,479.4,297.7,489.0,5.176151e-05,193,121,164,2.5,2.5,3.0,True
PT_6efb564644e672db,Pelvis,False,PTV_High,1566.4,,,,,,,,418.3,236.3,453.0,5e-05,169,96,152,2.5,2.5,3.0,True
PT_71f3074478e290ca,Pelvis,False,PTV_High,1411.7,,,,,,,,480.3,228.6,405.0,5.1020408e-05,194,93,136,2.5,2.5,3.0,True
PT_72086c41ddf21adc,Pelvis,False,PTV_High,1380.3,,,,,,,,363.2,204.2,414.0,5.0320938e-05,147,83,139,2.5,2.5,3.0,True
PT_724aca74d7a895d8,Pelvis,False,PTV_High,1655.0,,,,,,,,533.4,242.1,477.0,5e-05,215,98,160,2.5,2.5,3.0,True
PT_73bbe3cd68762ed6,Pelvis,False,PTV_High,1172.2,,,,,,,,401.5,234.2,426.0,5e-05,162,95,143,2.5,2.5,3.0,True
PT_76e0b0b2f5be6d39,Pelvis,False,PTV_High,1524.5,,,,,,,,398.0,256.4,420.0,5.0161637e-05,161,104,141,2.5,2.5,3.0,True
PT_797fcfe475d4a391,Pelvis,False,PTV_High,1959.1,,,,,,,,379.2,226.2,462.0,5e-05,153,92,155,2.5,2.5,3.0,True
PT_7a3de494ae747cdb,Pelvis,False,PTV_High,1366.3,,,,,,,,507.1,258.8,489.0,5e-05,204,105,164,2.5,2.5,3.0,True
PT_7bdc295a8ab09caa,Pelvis,False,PTV_High,1356.7,,,,,,,,496.2,246.6,633.0,5e-05,200,100,212,2.5,2.5,3.0,True
PT_7da7b2507f0ac933,Pelvis,False,PTV_High,1553.9,,,,,,,,354.9,212.3,507.0,5.0505051e-05,143,86,170,2.5,2.5,3.0,True
PT_7f0e98eaca0ca856,Pelvis,False,PTV_High,1740.9,,,,,,,,412.7,227.0,471.0,5e-05,167,92,158,2.5,2.5,3.0,True
PT_80b33240f35d89c3,Pelvis,False,PTV_High,1491.7,,,,,,,,481.4,350.8,585.0,5e-05,194,142,196,2.5,2.5,3.0,True
PT_826e2870038c5bc5,Pelvis,False,PTV_High,1711.0,,,,,,,,400.9,275.4,375.0,5e-05,162,112,126,2.5,2.5,3.0,True
PT_85558912476286d3,Pelvis,False,PTV_High,2086.2,,,,,,,,523.7,387.3,648.0,5.0505051e-05,211,156,217,2.5,2.5,3.0,True
PT_889279638ff29ec1,Pelvis,False,PTV_High,1511.1,,,,,,,,430.1,234.4,441.0,5e-05,174,95,148,2.5,2.5,3.0,True
PT_894daaf2cc94f185,Pelvis,False,PTV_High,1549.3,,,,,,,,426.9,235.4,414.0,5e-05,172,96,139,2.5,2.5,3.0,True
PT_8bb110fa46aec2f9,Pelvis,False,PTV_High,1599.3,,,,,,,,366.2,223.0,441.0,5e-05,148,91,148,2.5,2.5,3.0,True
PT_8c5d63ed9675bc19,Pelvis,False,PTV_High,1697.0,,,,,,,,373.1,227.0,381.0,5.0251256e-05,151,92,128,2.5,2.5,3.0,True
PT_903c3b0e52939a09,Pelvis,False,PTV_High,1685.4,,,,,,,,531.1,260.8,444.0,4.9701789e-05,214,106,149,2.5,2.5,3.0,True
PT_92363d0428301991,Pelvis,False,PTV_High,1653.5,,,,,,,,376.6,225.5,429.0,4.9973349e-05,152,92,144,2.5,2.5,3.0,True
PT_957bc71890951cd9,Pelvis,False,PTV_High,1960.1,,,,,,,,462.9,311.7,444.0,4.9261084e-05,187,126,149,2.5,2.5,3.0,True
PT_959d176110bb95d7,Pelvis,False,PTV_High,1378.5,,,,,,,,418.6,274.1,573.0,5.2427601e-05,169,111,192,2.5,2.5,3.0,True
PT_95abfd12e84c4f1d,Pelvis,False,PTV_High,1706.6,,,,,,,,404.7,217.4,450.0,5.1020408e-05,163,88,151,2.5,2.5,3.0,True
PT_968701239e27745d,Pelvis,False,PTV_High,1911.6,,,,,,,,467.8,225.9,384.0,5.0550473e-05,189,92,129,2.5,2.5,3.0,True
PT_980c48381062c5f4,Pelvis,False,PTV_High,1200.3,,,,,,,,478.5,230.6,477.0,4.9757078e-05,193,94,160,2.5,2.5,3.0,True
PT_9963a51428ed9e27,Pelvis,False,PTV_High,1573.0,,,,,,,,479.4,225.4,489.0,5.1020408e-05,193,92,164,2.5,2.5,3.0,True
PT_99d01ae1fa716073,Pelvis,False,PTV_High,1497.3,,,,,,,,347.3,204.8,381.0,5e-05,140,83,128,2.5,2.5,3.0,True
PT_9aa1b7599e195972,Pelvis,False,PTV_High,268.1,,,,,,,,552.7,284.1,477.0,4.9785511e-05,223,115,160,2.5,2.5,3.0,True
PT_9bba84c024e05684,Pelvis,False,PTV_High,1409.4,,,,,,,,425.8,241.2,420.0,4.9626863e-05,172,98,141,2.5,2.5,3.0,True
PT_a067e0c9e98eb65c,Pelvis,True,PTV_High-04,1650.3,,,,,,,,358.9,216.6,429.0,5.0236637e-05,145,88,144,2.5,2.5,3.0,True
PT_a417cfda6be99b55,Pelvis,False,PTV_High,1599.2,,,,,,,,479.7,222.3,357.0,5e-05,193,90,120,2.5,2.5,3.0,True
PT_a5edb6897c89cb3b,Pelvis,False,PTV,1014.4,,,,,,,,382.0,215.1,387.0,4.9455984e-05,154,88,130,2.5,2.5,3.0,True
PT_a655e1b07a557b24,Pelvis,False,PTV_High,1422.7,,,,,,,,382.2,247.2,570.0,4.9183882e-05,154,100,191,2.5,2.5,3.0,True
PT_a65e19aca2f0e284,Pelvis,False,PTV_High,1720.0,,,,,,,,389.1,246.1,402.0,5e-05,157,100,135,2.5,2.5,3.0,True
PT_a93895b574076b41,Pelvis,False,PTV_High,1642.5,,,,,,,,396.4,238.0,462.0,5e-05,160,97,155,2.5,2.5,3.0,True
PT_aa40bc86f6a09376,Pelvis,False,PTV_High,1315.6,,,,,,,,408.7,243.2,378.0,5.0873783e-05,165,99,127,2.5,2.5,3.0,True
PT_aafd9f2ff1214306,Pelvis,False,PTV_High,1450.6,,,,,,,,481.7,252.8,396.0,5e-05,194,103,133,2.5,2.5,3.0,True
PT_abec38677519da80,Pelvis,False,PTV,1420.2,,,,,,,,374.3,208.4,405.0,5e-05,151,85,136,2.5,2.5,3.0,True
PT_adf8acffa3fbcd9e,Pelvis,False,PTV_High,1676.0,,,,,,,,423.9,235.6,462.0,5e-05,171,96,155,2.5,2.5,3.0,True
PT_b1d3f3bf2179906c,Pelvis,False,PTV_High,1548.2,,,,,,,,376.9,223.6,450.0,5.0505051e-05,152,91,151,2.5,2.5,3.0,True
PT_b2a205dc4db652ef,Pelvis,False,PTV_High,1582.5,,,,,,,,479.6,239.7,444.0,4.9863695e-05,193,97,149,2.5,2.5,3.0,True
PT_b78952fc453b32d2,Pelvis,True,PTV_High-04,1887.2,,,,,,,,409.0,238.1,432.0,5e-05,165,97,145,2.5,2.5,3.0,True
PT_b8ee336ddc361b25,Pelvis,False,PTV_High,1771.6,,,,,,,,522.3,299.7,480.0,5e-05,210,121,161,2.5,2.5,3.0,True
PT_b9d7e9bb2f9a37f9,Pelvis,False,PTV_High,1652.9,,,,,,,,391.0,225.5,423.0,5.01002e-05,158,92,142,2.5,2.5,3.0,True
PT_bad5053b1b50aead,Pelvis,False,PTV_High,1535.9,,,,,,,,497.3,253.1,465.0,5e-05,200,103,156,2.5,2.5,3.0,True
PT_bb6b435412b33a9d,Pelvis,False,PTV_High,1415.3,,,,,,,,342.9,198.9,405.0,5.0569633e-05,139,81,136,2.5,2.5,3.0,True
PT_c2af736c462c14ad,Pelvis,False,PTV_High,1287.1,,,,,,,,427.7,239.9,408.0,5e-05,173,97,137,2.5,2.5,3.0,True
PT_c3394e319d5bb47e,Pelvis,False,PTV_High,1427.8,,,,,,,,389.6,221.6,480.0,4.950495e-05,157,90,161,2.5,2.5,3.0,True
PT_c4bbbfd7d9d43963,Pelvis,False,PTV_High,1665.9,,,,,,,,395.4,260.8,486.0,5e-05,160,106,163,2.5,2.5,3.0,True
PT_c574673282df609b,Pelvis,False,PTV_High,1459.6,,,,,,,,410.5,236.3,435.0,5.0101892e-05,242,242,146,2.5,2.5,3.0,True
PT_c5c5b433f652035c,Pelvis,False,PTV_High,1634.3,,,,,,,,522.3,265.2,438.0,4.9994759e-05,210,108,147,2.5,2.5,3.0,True
PT_c687aea3fc02ef4f,Pelvis,False,PTV_High,4310.2,,,,,,,,523.0,254.0,450.0,4.9324301e-05,211,103,151,2.5,2.5,3.0,True
PT_c83d88c040c3a900,Pelvis,False,PTV_High,1477.4,,,,,,,,493.4,290.6,501.0,5.0251256e-05,199,118,168,2.5,2.5,3.0,True
PT_cba9458c6ff0fb49,Pelvis,False,PTV_High,1601.7,,,,,,,,477.5,236.4,477.0,5e-05,192,96,160,2.5,2.5,3.0,True
PT_d15f0c2cef77cf9c,Pelvis,False,PTV_High,2154.3,,,,,,,,529.9,244.1,432.0,5e-05,213,99,145,2.5,2.5,3.0,True
PT_d182fdf9a2b78b3f,Pelvis,False,PTV_High,1358.6,,,,,,,,461.3,261.8,336.0,5.0761421e-05,186,106,113,2.5,2.5,3.0,True
PT_d23a2884bcb0722a,Pelvis,False,PTV_High,1195.4,,,,,,,,353.9,252.4,462.0,4.9751244e-05,143,102,155,2.5,2.5,3.0,True
PT_d2fe15705b6edda5,Pelvis,False,PTV_High,1213.9,,,,,,,,467.4,239.3,462.0,5.1683027e-05,188,97,155,2.5,2.5,3.0,True
PT_d338bb6f6d32ff5a,Pelvis,False,PTV_High,1251.6,,,,,,,,343.5,204.6,378.0,5.0683016e-05,139,83,127,2.5,2.5,3.0,True
PT_d4578a0979c0992f,Pelvis,False,PTV_High,1731.6,,,,,,,,428.9,248.4,411.0,5e-05,173,101,138,2.5,2.5,3.0,True
PT_d6411d3a76703f7a,Pelvis,False,PTV_High,1136.6,,,,,,,,478.1,208.2,441.0,5.0018829e-05,193,85,148,2.5,2.5,3.0,True
PT_d6dadf7c18f84b90,Pelvis,False,PTV_High,1295.9,,,,,,,,390.3,222.6,444.0,4.950495e-05,158,90,149,2.5,2.5,3.0,True
PT_d7b2620cde1a072b,Pelvis,False,PTV_High,1330.2,,,,,,,,405.5,207.7,381.0,5e-05,164,85,128,2.5,2.5,3.0,True
PT_d8d446f2dbe53899,Pelvis,False,PTV_High,1893.7,,,,,,,,424.7,234.1,342.0,5e-05,171,95,115,2.5,2.5,3.0,True
PT_d966c578dd2dc1e3,Pelvis,False,PTV_High,1325.7,,,,,,,,479.7,208.4,474.0,5.0384068e-05,193,85,159,2.5,2.5,3.0,True
PT_df43f374efdcc688,Pelvis,False,PTV_High,1623.4,,,,,,,,479.6,240.3,423.0,5e-05,193,98,142,2.5,2.5,3.0,True
PT_e09adb6d681c1f59,Pelvis,False,PTV_High,1217.5,,,,,,,,358.6,250.6,402.0,4.9329651e-05,145,102,135,2.5,2.5,3.0,True
PT_e222456179f16853,Pelvis,False,PTV_High,1544.6,,,,,,,,554.4,262.7,603.0,4.9627792e-05,223,107,202,2.5,2.5,3.0,True
PT_e26c9ffa3c000c23,Pelvis,False,PTV_High,1451.1,,,,,,,,479.9,248.5,477.0,5e-05,193,101,160,2.5,2.5,3.0,True
PT_e35a24b3e3d69456,Pelvis,False,PTV_High,1920.4,,,,,,,,349.3,196.9,378.0,5e-05,141,80,127,2.5,2.5,3.0,True
PT_e3cd1ac3cecd73e3,Pelvis,False,PTV_High,1367.2,,,,,,,,442.6,285.8,417.0,4.8954452e-05,179,116,140,2.5,2.5,3.0,True
PT_e46eeece14b65ca2,Pelvis,False,PTV_High,1553.6,,,,,,,,468.4,296.4,411.0,5.1691201e-05,189,120,138,2.5,2.5,3.0,True
PT_e549a25420978b0c,Pelvis,False,PTV_High,1883.3,,,,,,,,355.2,227.3,441.0,5e-05,144,92,148,2.5,2.5,3.0,True
PT_e5ea915f615a7cf2,Pelvis,False,PTV_High,2101.8,,,,,,,,497.3,234.5,465.0,4.9197768e-05,200,95,156,2.5,2.5,3.0,True
PT_e8f0bb1ee1492581,Pelvis,False,PTV_High,1586.5,,,,,,,,435.1,230.2,441.0,5e-05,176,94,148,2.5,2.5,3.0,True
PT_e91c2e82906e7570,Pelvis,False,PTV_High,1947.1,,,,,,,,379.1,220.2,474.0,5.052784e-05,153,90,159,2.5,2.5,3.0,True
PT_ebc9ec343b108ffe,Pelvis,False,PTV_High,1204.2,,,,,,,,456.7,288.9,453.0,4.9297095e-05,184,117,152,2.5,2.5,3.0,True
PT_ec028acaca993365,Pelvis,False,PTV_High,1784.1,,,,,,,,525.1,271.2,498.0,5e-05,212,110,167,2.5,2.5,3.0,True
PT_ec901fd72704b696,Pelvis,False,PTV_High,1468.3,,,,,,,,367.9,227.5,393.0,5.0957041e-05,149,92,132,2.5,2.5,3.0,True
PT_ef641faabff58896,Pelvis,False,PTV_High,1398.8,,,,,,,,312.0,197.6,354.0,4.9624094e-05,126,81,119,2.5,2.5,3.0,True
PT_f0a75c79890616b7,Pelvis,False,PTV_High,1555.9,,,,,,,,479.5,229.2,450.0,5.0505051e-05,241,241,151,2.5,2.5,3.0,True
PT_f187c399866f15f7,Pelvis,False,PTV_High,1342.0,,,,,,,,528.7,291.9,468.0,4.9830557e-05,213,118,157,2.5,2.5,3.0,True
PT_f1a76fd793c84778,Pelvis,False,PTV_High,2001.5,,,,,,,,523.9,244.2,453.0,5e-05,241,241,152,2.5,2.5,3.0,True
PT_f465dac6c2568e78,Pelvis,False,PTV_High,1463.5,,,,,,,,476.6,238.1,426.0,5e-05,192,97,143,2.5,2.5,3.0,True
PT_f4d8b5c35dc64ab3,Pelvis,False,PTV_High,1378.0,,,,,,,,457.6,268.9,477.0,4.950495e-05,185,109,160,2.5,2.5,3.0,True
PT_f686b575fd383302,Pelvis,False,PTV_High,1632.2,,,,,,,,438.2,255.8,414.0,5e-05,177,104,139,2.5,2.5,3.0,True
PT_f6c34b7d58e73b1a,Pelvis,False,PTV_High,1749.0,,,,,,,,440.5,269.2,489.0,5.1546392e-05,178,109,164,2.5,2.5,3.0,True
PT_f98365fa2998ca1e,Pelvis,False,PTV_High,1445.0,,,,,,,,481.6,265.4,441.0,5e-05,194,108,148,2.5,2.5,3.0,True
PT_f99fcd126380f1d8,Pelvis,False,PTV_High,1547.6,,,,,,,,527.8,241.0,444.0,5.0017538e-05,203,97,149,2.5,2.5,3.0,True
PT_faacf19f7f21f9c6,Pelvis,False,PTV_High,1646.2,,,,,,,,531.9,240.1,471.0,5.0251256e-05,214,97,158,2.5,2.5,3.0,True
PT_fabc8ae02663abe3,Pelvis,False,PTV_High_P,2144.7,,,,,,,,527.2,301.6,462.0,4.9751244e-05,212,122,155,2.5,2.5,3.0,True
PT_fc272901a0e36291,Pelvis,False,PTV_High,1207.3,,,,,,,,479.4,209.8,435.0,5e-05,193,85,146,2.5,2.5,3.0,True
PT_fd684c2e5bb0f675,Pelvis,False,PTV_High,1565.3,,,,,,,,328.4,213.1,375.0,5e-05,134,88,126,2.5,2.5,3.0,True
PT_ffc297c817501768,Pelvis,False,PTV_High,2046.7,,,,,,,,421.9,240.9,468.0,4.9261084e-05,170,98,157,2.5,2.5,3.0,True
PT_0105abf010349dc3,Prostata,False,PTV_High,364.6,,,,,,,,387.9,259.0,456.0,7.0159476e-05,157,105,153,2.5,2.5,3.0,True
PT_0203465203033126,Prostata,False,PTV_High,168.6,,,,,,,,392.6,267.2,399.0,6.9686411e-05,159,108,134,2.5,2.5,3.0,True
PT_032778e328116f8e,Prostata,False,PTV_High,255.6,,,,,,,,368.0,276.6,453.0,7e-05,149,112,152,2.5,2.5,3.0,True
PT_04387201c8c366f3,Prostata,False,PTV_Ptta,174.4,,,,,,,,366.3,235.2,378.0,7e-05,148,96,127,2.5,2.5,3.0,True
PT_05d450bc4f40b09a,Prostata,False,PTV_High,199.7,,,,,,,,362.5,265.1,414.0,7.016178e-05,146,108,139,2.5,2.5,3.0,True
PT_0a8672875d5cc3b6,Prostata,False,PTV_High,134.1,,,,,,,,479.4,271.2,444.0,7e-05,193,110,149,2.5,2.5,3.0,True
PT_0cac8762dd0acd56,Prostata,False,PTV_High,265.1,,,,,,,,364.5,247.3,393.0,6.9664827e-05,147,100,132,2.5,2.5,3.0,True
PT_1170f5329496a317,Prostata,False,PTV_High,285.1,,,,,,,,403.2,276.6,363.0,7e-05,163,112,122,2.5,2.5,3.0,True
PT_13a86c426e40b175,Prostata,False,PTV_High,267.5,,,,,,,,481.5,242.5,450.0,7e-05,194,98,151,2.5,2.5,3.0,True
PT_162b22a7bdbff4d8,Prostata,False,PTV_High,237.8,,,,,,,,380.4,257.6,408.0,7e-05,154,105,137,2.5,2.5,3.0,True
PT_17eb5c056c446cab,Prostata,False,PTV_High,173.7,,,,,,,,404.0,290.6,408.0,7.0707071e-05,163,118,137,2.5,2.5,3.0,True
PT_17f7da3f2f357e52,Prostata,False,PTV_High,210.7,,,,,,,,351.7,249.6,393.0,7e-05,142,101,132,2.5,2.5,3.0,True
PT_1972cc70a0c9a948,Prostata,False,PTV_High,253.7,,,,,,,,359.8,247.3,411.0,6.9276339e-05,145,100,138,2.5,2.5,3.0,True
PT_1e1849f1c19cd335,Prostata,False,PTV_High,130.6,,,,,,,,512.4,346.7,432.0,7e-05,206,140,145,2.5,2.5,3.0,True
PT_1fc0f68ab3aa8cad,Prostata,False,PTV_High,153.7,,,,,,,,377.4,244.9,441.0,7.0125106e-05,152,99,148,2.5,2.5,3.0,True
PT_214e7d8679ff81e1,Prostata,False,PTV_High,221.1,,,,,,,,369.2,261.3,447.0,7e-05,149,106,150,2.5,2.5,3.0,True
PT_23ba348dac272fa7,Prostata,False,PTV_High,83.9,,,,,,,,393.2,288.8,480.0,7.0147045e-05,159,117,161,2.5,2.5,3.0,True
PT_26f14d0371d91eda,Prostata,False,PTV_High,149.4,,,,,,,,376.6,269.5,420.0,7e-05,152,109,141,2.5,2.5,3.0,True
PT_2801fef819714530,Prostata,False,PTV_High,244.8,,,,,,,,432.5,323.0,405.0,7e-05,176,132,136,2.5,2.5,3.0,True
PT_2c7fac7c931838e6,Prostata,False,PTV_High,247.7,,,,,,,,389.8,285.8,438.0,7.1474188e-05,157,116,147,2.5,2.5,3.0,True
PT_2cb0d56ec4b31333,Prostata,False,PTV_High,206.8,,,,,,,,363.5,251.4,378.0,7.0831726e-05,147,102,127,2.5,2.5,3.0,True
PT_2d4b4142e551025f,Prostata,False,PTV_High,211.7,,,,,,,,385.8,382.3,519.0,7.0883996e-05,156,154,174,2.5,2.5,3.0,True
PT_2dabbd758b5a7b99,Prostata,False,PTV_High,239.5,,,,,,,,479.4,286.7,525.0,6.9442708e-05,193,116,176,2.5,2.5,3.0,True
PT_2e497ec73deed6ab,Prostata,False,PTV_High,149.3,,,,,,,,440.6,285.9,423.0,6.9306931e-05,178,116,142,2.5,2.5,3.0,True
PT_2e82096063014790,Prostata,False,PTV_High,194.0,,,,,,,,383.3,257.8,402.0,7.0140281e-05,155,105,135,2.5,2.5,3.0,True
PT_2f01c3c8135bc441,Prostata,False,PTV_High,191.6,,,,,,,,403.1,283.6,519.0,7e-05,163,115,174,2.5,2.5,3.0,True
PT_314f4cd0475d951a,Prostata,False,PTV_High,262.4,,,,,,,,420.4,307.1,420.0,7.0210632e-05,170,124,141,2.5,2.5,3.0,True
PT_361ff9c998e2a4fc,Prostata,False,PTV_High,242.8,,,,,,,,409.0,315.2,462.0,7.0600101e-05,165,128,155,2.5,2.5,3.0,True
PT_3c1351335acc2d67,Prostata,False,PTV_High,184.0,,,,,,,,479.5,342.0,450.0,7.0621627e-05,193,138,151,2.5,2.5,3.0,True
PT_3e471945122a22a1,Prostata,False,PTV_High,122.5,,,,,,,,356.5,265.0,477.0,7e-05,144,107,160,2.5,2.5,3.0,True
PT_42abd1b4fbcc3dce,Prostata,False,PTV_High,171.3,,,,,,,,467.9,273.6,411.0,6.9308075e-05,189,111,138,2.5,2.5,3.0,True
PT_436d744582fcb206,Prostata,False,PTV_High,337.5,,,,,,,,368.4,246.1,408.0,7.0351759e-05,149,100,137,2.5,2.5,3.0,True
PT_44cdd48ddce4749b,Prostata,False,PTV_High,259.7,,,,,,,,361.0,254.3,393.0,7e-05,146,103,132,2.5,2.5,3.0,True
PT_45284ed002e33bce,Prostata,False,PTV_High,166.7,,,,,,,,584.3,398.2,393.0,7e-05,235,161,132,2.5,2.5,3.0,True
PT_462fcce02ca49010,Prostata,False,PTV_High,215.9,,,,,,,,434.3,320.8,486.0,7.032355e-05,175,130,163,2.5,2.5,3.0,True
PT_48144ba4b66ecff5,Prostata,False,PTV_High,182.5,,,,,,,,397.3,294.1,360.0,7.0007001e-05,160,119,121,2.5,2.5,3.0,True
PT_48486760d06b6f9d,Prostata,False,PTV_High,199.3,,,,,,,,410.6,286.3,432.0,7e-05,166,116,145,2.5,2.5,3.0,True
PT_4bd88a2a8ae444fd,Prostata,False,PTV_High,279.5,,,,,,,,384.4,254.3,441.0,7e-05,155,103,148,2.5,2.5,3.0,True
PT_4d1d8ae25f141911,Prostata,False,PTV_High,308.2,,,,,,,,375.7,258.7,456.0,7.0380283e-05,152,105,153,2.5,2.5,3.0,True
PT_4db6c702f3d1d609,Prostata,False,PTV_High,286.2,,,,,,,,385.2,263.1,405.0,7e-05,156,107,136,2.5,2.5,3.0,True
PT_5053a79465ed28bf,Prostata,False,PTV_High,242.3,,,,,,,,376.2,274.2,621.0,7.0223388e-05,152,111,208,2.5,2.5,3.0,True
PT_5203c2393a5acbe4,Prostata,False,PTV_High,150.7,,,,,,,,383.0,318.8,492.0,7.0661484e-05,155,129,165,2.5,2.5,3.0,True
PT_52d48d319def98e8,Prostata,False,PTV_High,159.1,,,,,,,,366.4,301.6,456.0,7.0058724e-05,148,122,153,2.5,2.5,3.0,True
PT_5787d1d3258de95d,Prostata,False,PTV_High,327.1,,,,,,,,479.5,282.7,456.0,7e-05,193,115,153,2.5,2.5,3.0,True
PT_584e450ce8727e70,Prostata,False,PTV_High,151.6,,,,,,,,375.4,270.5,447.0,7.0108922e-05,152,110,150,2.5,2.5,3.0,True
PT_5c16a5f5a1daef87,Prostata,False,PTV_High,210.1,,,,,,,,365.7,226.2,399.0,7e-05,148,92,134,2.5,2.5,3.0,True
PT_5cbfd244434f9b55,Prostata,False,PTV_High,228.3,,,,,,,,404.9,273.9,399.0,7e-05,163,111,134,2.5,2.5,3.0,True
PT_5d2c6ee9551e7804,Prostata,False,PTV_High,282.8,,,,,,,,376.5,251.7,447.0,6.9972673e-05,241,241,150,2.5,2.5,3.0,True
PT_5f139def62fba7d2,Prostata,False,PTV_High,196.4,,,,,,,,388.2,261.5,441.0,7.1242389e-05,157,106,148,2.5,2.5,3.0,True
PT_6255d15c2ff6d63e,Prostata,False,PTV_High,271.6,,,,,,,,479.4,320.9,528.0,7.0243084e-05,193,130,177,2.5,2.5,3.0,True
PT_62f42ed491c25a00,Prostata,False,PTV_High,172.9,,,,,,,,406.5,293.2,432.0,7.0458221e-05,164,119,145,2.5,2.5,3.0,True
PT_63879c4901c7795a,Prostata,False,PTV_High,188.8,,,,,,,,355.1,250.8,423.0,7e-05,144,102,142,2.5,2.5,3.0,True
PT_655b03b7b41421a2,Prostata,False,PTV_High,292.9,,,,,,,,370.3,269.5,426.0,7e-05,150,109,143,2.5,2.5,3.0,True
PT_6a175779d82fc237,Prostata,False,PTV_High,195.2,,,,,,,,479.6,289.6,489.0,7.0351759e-05,193,117,164,2.5,2.5,3.0,True
PT_6f4c7da842209754,Prostata,False,PTV_High,286.0,,,,,,,,371.5,249.6,384.0,7.0707071e-05,150,101,129,2.5,2.5,3.0,True
PT_70368fdeed2777a4,Prostata,False,PTV_High,216.1,,,,,,,,355.4,243.5,378.0,7.0707071e-05,144,99,127,2.5,2.5,3.0,True
PT_70c81071f62176e7,Prostata,False,PTV_High,147.6,,,,,,,,358.5,253.5,399.0,7.0511952e-05,145,103,134,2.5,2.5,3.0,True
PT_71553af239ec5a16,Prostata,False,PTV_High,236.6,,,,,,,,351.7,247.3,378.0,7e-05,142,100,127,2.5,2.5,3.0,True
PT_71d7edf6768f4313,Prostata,False,PTV_High,131.2,,,,,,,,427.8,300.0,444.0,7e-05,173,121,149,2.5,2.5,3.0,True
PT_730af7f6674002b1,Prostata,False,PTV_High,192.6,,,,,,,,479.8,290.0,432.0,7.1096641e-05,193,117,145,2.5,2.5,3.0,True
PT_758869b882b76b90,Prostata,False,PTV_High,172.4,,,,,,,,370.4,242.6,387.0,7.0022485e-05,150,99,130,2.5,2.5,3.0,True
PT_75972ab494ff6fb9,Prostata,False,PTV_High,177.7,,,,,,,,377.4,244.1,414.0,7e-05,152,99,139,2.5,2.5,3.0,True
PT_81ec810e1831f64a,Prostata,False,PTV_High,233.4,,,,,,,,378.8,292.1,471.0,7.0383579e-05,153,118,158,2.5,2.5,3.0,True
PT_83d8b770ab4e280b,Prostata,False,PTV_High,123.2,,,,,,,,479.4,361.0,552.0,6.9423499e-05,193,146,185,2.5,2.5,3.0,True
PT_870b0c9145e8d445,Prostata,False,PTV_High,278.1,,,,,,,,380.9,232.0,342.0,7e-05,154,94,115,2.5,2.5,3.0,True
PT_87c3008c321ab71d,Prostata,False,PTV_High,180.8,,,,,,,,477.8,293.7,423.0,7.0418898e-05,193,119,142,2.5,2.5,3.0,True
PT_89552e5db9f67e80,Prostata,False,PTV_High,162.0,,,,,,,,479.4,309.9,474.0,7.0316682e-05,193,125,159,2.5,2.5,3.0,True
PT_8b5c04009cc4207a,Prostata,False,PTV_High,192.0,,,,,,,,387.9,239.0,381.0,7.1114223e-05,157,97,128,2.5,2.5,3.0,True
PT_91e558d3e5ef583d,Prostata,False,PTV_High,139.0,,,,,,,,413.1,309.8,378.0,7e-05,167,125,127,2.5,2.5,3.0,True
PT_9274cf0df20e243f,Prostata,False,PTV_High,224.6,,,,,,,,399.9,271.8,390.0,6.916014e-05,161,110,131,2.5,2.5,3.0,True
PT_92c9d5a00753519e,Prostata,False,PTV_High,401.0,,,,,,,,385.0,284.9,423.0,7e-05,155,115,142,2.5,2.5,3.0,True
PT_935464c78e7d8738,Prostata,False,PTV_High,196.6,,,,,,,,367.4,269.8,372.0,6.9306931e-05,148,109,125,2.5,2.5,3.0,True
PT_94ac05f829c098d4,Prostata,False,PTV_High,211.1,,,,,,,,383.3,289.2,399.0,7.0960408e-05,155,117,134,2.5,2.5,3.0,True
PT_95c35e73fe4bc90c,Prostata,False,PTV_High,170.9,,,,,,,,479.5,311.3,432.0,7e-05,193,126,145,2.5,2.5,3.0,True
PT_969d5285bf2914a6,Prostata,False,PTV_High,209.3,,,,,,,,412.5,272.0,390.0,7.0456132e-05,166,110,131,2.5,2.5,3.0,True
PT_96b55aa85d068717,Prostata,False,PTV_High,146.6,,,,,,,,412.9,259.4,438.0,6.9849869e-05,167,105,147,2.5,2.5,3.0,True
PT_9708d7f5589ab841,Prostata,False,PTV_High,154.7,,,,,,,,390.4,250.6,414.0,7e-05,158,102,139,2.5,2.5,3.0,True
PT_98d0ec4b2ab8f6b9,Prostata,False,PTV_High,333.0,,,,,,,,362.1,239.3,342.0,7.0175439e-05,146,97,115,2.5,2.5,3.0,True
PT_994c1011a5266757,Prostata,False,PTV_High,230.8,,,,,,,,390.5,287.7,420.0,7e-05,158,117,141,2.5,2.5,3.0,True
PT_9a7b9ca1ba978718,Prostata,False,PTV_High,156.8,,,,,,,,395.1,283.4,378.0,7e-05,160,115,127,2.5,2.5,3.0,True
PT_9b0037994c20157f,Prostata,False,PTV_High,256.0,,,,,,,,358.4,237.0,372.0,7.0198305e-05,145,96,125,2.5,2.5,3.0,True
PT_9bcc5b86f007c061,Prostata,False,PTV_High,184.1,,,,,,,,350.5,218.2,426.0,7.0707071e-05,142,89,143,2.5,2.5,3.0,True
PT_9dee54db9064f2e0,Prostata,False,PTV_High,220.2,,,,,,,,437.4,328.0,441.0,7e-05,176,133,148,2.5,2.5,3.0,True
PT_9f9c5bfb81448b46,Prostata,False,PTV_High,312.5,,,,,,,,352.8,301.2,480.0,7.0351759e-05,143,122,161,2.5,2.5,3.0,True
PT_a0321c3c562ecf49,Prostata,False,PTV_High,129.0,,,,,,,,363.6,261.9,438.0,7.0351759e-05,147,106,147,2.5,2.5,3.0,True
PT_a0522e06367bfd27,Prostata,False,PTV_High,176.6,,,,,,,,404.4,259.0,357.0,7.106599e-05,163,105,120,2.5,2.5,3.0,True
PT_a0f7071514dd0036,Prostata,False,PTV_High,236.1,,,,,,,,391.5,264.8,372.0,7e-05,158,107,125,2.5,2.5,3.0,True
PT_a0fbd1f5e78d399e,Prostata,False,PTV_High,177.7,,,,,,,,477.7,280.2,456.0,6.9374184e-05,193,114,153,2.5,2.5,3.0,True
PT_a24a27ae901d1ef9,Prostata,False,PTV_High,170.9,,,,,,,,409.0,301.5,438.0,7.2061367e-05,165,122,147,2.5,2.5,3.0,True
PT_a311d0fb98601562,Prostata,False,PTV_High,220.7,,,,,,,,436.2,273.1,429.0,7.0066618e-05,176,111,144,2.5,2.5,3.0,True
PT_a3bc3d95487f30fc,Prostata,False,PTV_High,170.8,,,,,,,,400.3,285.4,474.0,7.106599e-05,162,116,159,2.5,2.5,3.0,True
PT_a44ab935da2bf773,Prostata,False,PTV_High,181.2,,,,,,,,466.0,287.6,369.0,7e-05,188,117,124,2.5,2.5,3.0,True
PT_a6824efc733d36d4,Prostata,False,PTV_High,211.0,,,,,,,,358.7,248.4,474.0,6.9651741e-05,145,101,159,2.5,2.5,3.0,True
PT_a83c70bd6b144035,Prostata,False,PTV_High,213.1,,,,,,,,409.8,246.2,399.0,7.0281124e-05,165,100,134,2.5,2.5,3.0,True
PT_a84ab645e8654f9b,Prostata,False,PTV_High,144.5,,,,,,,,395.7,260.0,378.0,7.0508402e-05,160,105,127,2.5,2.5,3.0,True
PT_aa8fecb8f8edad3a,Prostata,False,PTV_High,180.9,,,,,,,,426.7,293.0,414.0,6.9651741e-05,172,119,139,2.5,2.5,3.0,True
PT_b1b995a33bfa44ab,Prostata,False,PTV_High,282.3,,,,,,,,389.4,280.8,489.0,7e-05,157,114,164,2.5,2.5,3.0,True
PT_b22bb34624f93487,Prostata,False,PTV_High,340.3,,,,,,,,359.0,286.9,423.0,7e-05,145,116,142,2.5,2.5,3.0,True
PT_b26c2aed3b4c6f94,Prostata,False,PTV_High,213.7,,,,,,,,370.3,257.6,360.0,7.0545248e-05,150,105,121,2.5,2.5,3.0,True
PT_b44bb49532dd7942,Prostata,False,PTV_High,164.3,,,,,,,,348.1,233.2,435.0,7e-05,141,95,146,2.5,2.5,3.0,True
PT_b4dcfb359d7bbecd,Prostata,False,PTV_High,188.0,,,,,,,,378.6,282.4,432.0,7e-05,153,114,145,2.5,2.5,3.0,True
PT_b6524e056633712a,Prostata,False,PTV_High,116.6,,,,,,,,377.3,236.9,387.0,7.2042917e-05,152,96,130,2.5,2.5,3.0,True
PT_b668d546aa0e5c4c,Prostata,False,PTV_High,186.6,,,,,,,,463.1,339.9,498.0,7e-05,187,137,167,2.5,2.5,3.0,True
PT_b8a6ef5e97d8f35c,Prostata,False,PTV_High,285.4,,,,,,,,393.9,276.5,495.0,6.9585892e-05,159,112,166,2.5,2.5,3.0,True
PT_bf4158cba19732a1,Prostata,False,PTV_High,211.2,,,,,,,,441.1,274.2,606.0,7e-05,178,111,203,2.5,2.5,3.0,True
PT_bf7295545659133d,Prostata,False,PTV_High,180.1,,,,,,,,412.6,267.2,453.0,7.0548478e-05,167,108,152,2.5,2.5,3.0,True
PT_c1ba3262f2e7e342,Prostata,False,PTV_High,140.9,,,,,,,,583.8,376.7,262.0,6.8767411e-05,235,152,132,2.5,2.5,2.0,True
PT_c20ac7810014b39e,Prostata,False,PTV_High,227.2,,,,,,,,385.6,263.7,360.0,7e-05,156,107,121,2.5,2.5,3.0,True
PT_c296e89f3d132dad,Prostata,False,PTV_High,170.1,,,,,,,,386.8,262.5,390.0,7e-05,156,106,131,2.5,2.5,3.0,True
PT_c2dc60222ca55352,Prostata,False,PTV_High,297.2,,,,,,,,411.4,312.9,432.0,7e-05,166,127,145,2.5,2.5,3.0,True
PT_c35e8e423322ebaa,Prostata,False,PTV_High,240.9,,,,,,,,410.2,291.8,399.0,6.9599546e-05,166,118,134,2.5,2.5,3.0,True
PT_c7dafa8ef8796df2,Prostata,False,PTV_High,152.2,,,,,,,,371.5,260.2,516.0,7e-05,150,106,173,2.5,2.5,3.0,True
PT_cb38c251c05a75a3,Prostata,False,PTV_High,200.4,,,,,,,,354.0,281.3,453.0,7e-05,143,114,152,2.5,2.5,3.0,True
PT_cbe96700dd4b70ad,Prostata,False,PTV_High,211.4,,,,,,,,481.4,243.5,477.0,7e-05,194,99,160,2.5,2.5,3.0,True
PT_d0fa1680b1ffce19,Prostata,False,PTV_High,175.3,,,,,,,,393.7,273.7,348.0,7.0877969e-05,159,111,117,2.5,2.5,3.0,True
PT_d3f68c176e6dc82f,Prostata,False,PTV_High,227.2,,,,,,,,370.1,222.2,450.0,7.106338e-05,150,90,151,2.5,2.5,3.0,True
PT_d42b326fde95b868,Prostata,False,PTV_High,169.2,,,,,,,,358.0,239.1,399.0,7e-05,145,97,134,2.5,2.5,3.0,True
PT_d547a53a2c4e2a4e,Prostata,False,PTV_High,169.8,,,,,,,,376.6,271.1,426.0,7e-05,152,110,143,2.5,2.5,3.0,True
PT_d606c799f022be37,Prostata,False,PTV_High,163.4,,,,,,,,385.6,287.1,372.0,7e-05,156,116,125,2.5,2.5,3.0,True
PT_d7e26e1d9c089430,Prostata,False,PTV_High,187.7,,,,,,,,341.1,253.1,447.0,7.0707071e-05,138,103,150,2.5,2.5,3.0,True
PT_d9c353884a9cd12f,Prostata,False,PTV_High,236.0,,,,,,,,363.1,257.6,420.0,6.9651741e-05,147,105,141,2.5,2.5,3.0,True
PT_d9e8785bfa493f48,Prostata,False,PTV_High,193.5,,,,,,,,468.6,247.6,447.0,7e-05,189,101,150,2.5,2.5,3.0,True
PT_d9f93e102d54308d,Prostata,False,PTV_High,230.3,,,,,,,,404.8,308.0,453.0,6.971689e-05,163,125,152,2.5,2.5,3.0,True
PT_dc7d8f94ef0bdd7b,Prostata,False,PTV_High,215.4,,,,,,,,355.1,221.5,363.0,7.0204768e-05,144,90,122,2.5,2.5,3.0,True
PT_dde956f82037c56f,Prostata,False,PTV_High,164.4,,,,,,,,477.2,267.2,477.0,7.0707071e-05,192,108,160,2.5,2.5,3.0,True
PT_df93f19231dd6896,Prostata,False,PTV_High,221.8,,,,,,,,366.9,252.0,429.0,7e-05,148,102,144,2.5,2.5,3.0,True
PT_e007ffbd7a68ac0c,Prostata,False,PTV_High,275.5,,,,,,,,477.6,327.3,504.0,7e-05,193,132,169,2.5,2.5,3.0,True
PT_e1687b41451daaa4,Prostata,False,PTV_High,278.3,,,,,,,,406.6,276.1,468.0,7.0595238e-05,164,112,157,2.5,2.5,3.0,True
PT_e1b99dd6b6586c89,Prostata,False,PTV_High,213.6,,,,,,,,394.4,280.4,474.0,6.9444444e-05,159,114,159,2.5,2.5,3.0,True
PT_e3475eef41f8cc4f,Prostata,False,PTV_High,169.5,,,,,,,,378.6,268.4,423.0,7e-05,153,109,142,2.5,2.5,3.0,True
PT_e3f031c1ff788232,Prostata,False,PTV_High,221.9,,,,,,,,370.4,216.7,342.0,7.0707071e-05,150,88,115,2.5,2.5,3.0,True
PT_e4a05e10e0ffccdd,Prostata,False,PTV_High,238.3,,,,,,,,476.8,264.3,510.0,7e-05,192,107,171,2.5,2.5,3.0,True
PT_e531295caaa1753e,Prostata,False,PTV_High,229.4,,,,,,,,475.6,240.0,477.0,7.0638011e-05,192,97,160,2.5,2.5,3.0,True
PT_e798d3c7cf5c3bc7,Prostata,False,PTV_High,230.7,,,,,,,,388.0,265.9,486.0,7e-05,157,108,163,2.5,2.5,3.0,True
PT_eaa4c50b88f4b102,Prostata,False,PTV_High,205.9,,,,,,,,402.6,277.1,399.0,7.0113814e-05,163,112,134,2.5,2.5,3.0,True
PT_eab20f8483a8ba64,Prostata,False,PTV_High,122.3,,,,,,,,385.1,245.8,450.0,7.106599e-05,156,100,151,2.5,2.5,3.0,True
PT_ebb40c323922547a,Prostata,False,PTV_High,232.5,,,,,,,,403.2,311.7,486.0,7e-05,163,126,163,2.5,2.5,3.0,True
PT_f40a18867a62d148,Prostata,False,PTV_High,211.9,,,,,,,,390.3,271.9,450.0,7e-05,158,110,151,2.5,2.5,3.0,True
PT_f65d82147e52cdbb,Prostata,False,PTV_High,186.6,,,,,,,,389.2,262.5,396.0,7e-05,157,106,133,2.5,2.5,3.0,True
PT_f69b1cc90b71a5ac,Prostata,False,PTV_High,195.7,,,,,,,,410.6,264.4,417.0,7.0824213e-05,166,107,140,2.5,2.5,3.0,True
PT_f8a044d7742dfb6c,Prostata,False,PTV_High,270.1,,,,,,,,384.4,281.3,396.0,7e-05,155,114,133,2.5,2.5,3.0,True
PT_f8cff71b9b52d110,Prostata,False,PTV_High,274.6,,,,,,,,468.3,273.7,453.0,7e-05,189,111,152,2.5,2.5,3.0,True
PT_fba62fd8cdfa32e0,Prostata,False,PTV_High,282.2,,,,,,,,362.2,252.0,396.0,6.9860279e-05,146,102,133,2.5,2.5,3.0,True
PT_fd821ca6c6dc425d,Prostata,False,PTV_High,274.0,,,,,,,,372.8,226.7,405.0,7.0220646e-05,151,92,136,2.5,2.5,3.0,True
PT_fe24a2bdb79bd38a,Prostata,False,PTV_High,272.6,,,,,,,,399.7,303.5,528.0,7e-05,161,123,177,2.5,2.5,3.0,True
PT_ff8607e66a530666,Prostata,False,PTV_High,199.9,,,,,,,,478.2,300.6,504.0,7e-05,193,122,169,2.5,2.5,3.0,True
